30	30	1	1
36.676	36.676	36.676	36.676	36.676	36.676	36.676	36.676	36.676	36.676	36.676	36.676	36.676	36.676	36.676	36.676	36.676	36.676	36.676	36.676	36.676	36.676	36.676	36.676	36.676	36.676	36.676	36.676	36.676	123.272	36.676	36.676	36.676	36.676	36.676	36.676	36.676	36.676	36.676	36.676	36.676	36.676	36.676	36.676	36.676	36.676	36.676	36.676	36.676	36.676	36.676	36.676	36.676	36.676	36.676	36.676	36.676	36.676	36.676	123.272	36.676	36.676	36.676	36.676	36.676	36.676	36.676	36.676	36.676	36.676	36.676	36.676	36.676	36.676	36.676	36.676	36.676	36.676	36.676	36.676	36.676	36.676	36.676	36.676	36.676	36.676	36.676	36.676	36.676	123.272	36.676	36.676	36.676	36.676	36.676	36.676	36.676	36.676	36.676	36.676	36.676	36.676	36.676	36.676	36.676	36.676	36.676	36.676	36.676	36.676	36.676	36.676	36.676	36.676	36.676	36.676	36.676	36.676	36.676	123.272	36.676	36.676	36.676	36.676	36.676	36.676	36.676	36.676	36.676	36.676	36.676	36.676	36.676	36.676	36.676	36.676	36.676	36.676	36.676	36.676	36.676	36.676	36.676	36.676	36.676	36.676	36.676	36.676	36.676	123.272	36.676	36.676	36.676	36.676	36.676	36.676	36.676	36.676	36.676	36.676	36.676	36.676	36.676	36.676	36.676	36.676	36.676	36.676	36.676	36.676	36.676	36.676	36.676	36.676	36.676	36.676	36.676	36.676	36.676	123.272	36.676	36.676	36.676	36.676	36.676	36.676	36.676	36.676	36.676	36.676	36.676	36.676	36.676	36.676	36.676	36.676	36.676	36.676	36.676	36.676	36.676	36.676	36.676	36.676	36.676	36.676	36.676	36.676	36.676	123.272	36.676	36.676	36.676	36.676	36.676	36.676	36.676	36.676	36.676	36.676	36.676	36.676	36.676	36.676	36.676	36.676	36.676	36.676	36.676	36.676	36.676	36.676	36.676	36.676	36.676	36.676	36.676	36.676	36.676	123.272	36.676	36.676	36.676	36.676	36.676	36.676	36.676	36.676	36.676	36.676	36.676	36.676	36.676	36.676	36.676	36.676	36.676	36.676	36.676	36.676	36.676	36.676	36.676	36.676	36.676	36.676	36.676	36.676	36.676	123.272	36.676	36.676	36.676	36.676	36.676	36.676	36.676	36.676	36.676	36.676	36.676	36.676	36.676	36.676	36.676	36.676	36.676	36.676	36.676	36.676	36.676	36.676	36.676	36.676	36.676	36.676	36.676	36.676	36.676	123.272	36.676	36.676	36.676	36.676	36.676	36.676	36.676	36.676	36.676	36.676	36.676	36.676	36.676	36.676	36.676	36.676	36.676	36.676	36.676	36.676	36.676	36.676	36.676	36.676	36.676	36.676	36.676	36.676	36.676	123.272	36.676	36.676	36.676	36.676	36.676	36.676	36.676	36.676	36.676	36.676	36.676	36.676	36.676	36.676	36.676	36.676	36.676	36.676	36.676	36.676	36.676	36.676	36.676	36.676	36.676	36.676	36.676	36.676	36.676	123.272	36.676	36.676	36.676	36.676	36.676	36.676	36.676	36.676	36.676	36.676	36.676	36.676	36.676	36.676	36.676	36.676	36.676	36.676	36.676	36.676	36.676	36.676	36.676	36.676	36.676	36.676	36.676	36.676	36.676	123.272	36.676	36.676	36.676	36.676	36.676	36.676	36.676	36.676	36.676	36.676	36.676	36.676	36.676	36.676	36.676	36.676	36.676	36.676	36.676	36.676	36.676	36.676	36.676	36.676	36.676	36.676	36.676	36.676	36.676	123.272	36.676	36.676	36.676	36.676	36.676	36.676	36.676	36.676	36.676	36.676	36.676	36.676	36.676	36.676	36.676	36.676	36.676	36.676	36.676	36.676	36.676	36.676	36.676	36.676	36.676	36.676	36.676	36.676	36.676	123.272	36.676	36.676	36.676	36.676	36.676	36.676	36.676	36.676	36.676	36.676	36.676	36.676	36.676	36.676	36.676	36.676	36.676	36.676	36.676	36.676	36.676	36.676	36.676	36.676	36.676	36.676	36.676	36.676	36.676	123.272	36.676	36.676	36.676	36.676	36.676	36.676	36.676	36.676	36.676	36.676	36.676	36.676	36.676	36.676	36.676	36.676	36.676	36.676	36.676	36.676	36.676	36.676	36.676	36.676	36.676	36.676	36.676	36.676	36.676	123.272	36.676	36.676	36.676	36.676	36.676	36.676	36.676	36.676	36.676	36.676	36.676	36.676	36.676	36.676	36.676	36.676	36.676	36.676	36.676	36.676	36.676	36.676	36.676	36.676	36.676	36.676	36.676	36.676	36.676	123.272	36.676	36.676	36.676	36.676	36.676	36.676	36.676	36.676	36.676	36.676	36.676	36.676	36.676	36.676	36.676	36.676	36.676	36.676	36.676	36.676	36.676	36.676	36.676	36.676	36.676	36.676	36.676	36.676	36.676	123.272	36.676	36.676	36.676	36.676	36.676	36.676	36.676	36.676	36.676	36.676	36.676	36.676	36.676	36.676	36.676	36.676	36.676	36.676	36.676	36.676	36.676	36.676	36.676	36.676	36.676	36.676	36.676	36.676	36.676	123.272	36.676	36.676	36.676	36.676	36.676	36.676	36.676	36.676	36.676	36.676	36.676	36.676	36.676	36.676	36.676	36.676	36.676	36.676	36.676	36.676	36.676	36.676	36.676	36.676	36.676	36.676	36.676	36.676	36.676	123.272	36.676	36.676	36.676	36.676	36.676	36.676	36.676	36.676	36.676	36.676	36.676	36.676	36.676	36.676	36.676	36.676	36.676	36.676	36.676	36.676	36.676	36.676	36.676	36.676	36.676	36.676	36.676	36.676	36.676	123.272	36.676	36.676	36.676	36.676	36.676	36.676	36.676	36.676	36.676	36.676	36.676	36.676	36.676	36.676	36.676	36.676	36.676	36.676	36.676	36.676	36.676	36.676	36.676	36.676	36.676	36.676	36.676	36.676	36.676	123.272	36.676	36.676	36.676	36.676	36.676	36.676	36.676	36.676	36.676	36.676	36.676	36.676	36.676	36.676	36.676	36.676	36.676	36.676	36.676	36.676	36.676	36.676	36.676	36.676	36.676	36.676	36.676	36.676	36.676	123.272	36.676	36.676	36.676	36.676	36.676	36.676	36.676	36.676	36.676	36.676	36.676	36.676	36.676	36.676	36.676	36.676	36.676	36.676	36.676	36.676	36.676	36.676	36.676	36.676	36.676	36.676	36.676	36.676	36.676	123.272	36.676	36.676	36.676	36.676	36.676	36.676	36.676	36.676	36.676	36.676	36.676	36.676	36.676	36.676	36.676	36.676	36.676	36.676	36.676	36.676	36.676	36.676	36.676	36.676	36.676	36.676	36.676	36.676	36.676	123.272	36.676	36.676	36.676	36.676	36.676	36.676	36.676	36.676	36.676	36.676	36.676	36.676	36.676	36.676	36.676	36.676	36.676	36.676	36.676	36.676	36.676	36.676	36.676	36.676	36.676	36.676	36.676	36.676	36.676	123.272	36.676	36.676	36.676	36.676	36.676	36.676	36.676	36.676	36.676	36.676	36.676	36.676	36.676	36.676	36.676	36.676	36.676	36.676	36.676	36.676	36.676	36.676	36.676	36.676	36.676	36.676	36.676	36.676	36.676	123.272	36.676	36.676	36.676	36.676	36.676	36.676	36.676	36.676	36.676	36.676	36.676	36.676	36.676	36.676	36.676	36.676	36.676	36.676	36.676	36.676	36.676	36.676	36.676	36.676	36.676	36.676	36.676	36.676	36.676	123.272	123.272	123.272	123.272	123.272	123.272	123.272	123.272	123.272	123.272	123.272	123.272	123.272	123.272	123.272	123.272	123.272	123.272	123.272	123.272	123.272	123.272	123.272	123.272	123.272	123.272	123.272	123.272	123.272	123.272	798.723
30	30	1	1
1894.99	1894.99	1894.99	1894.99	1894.99	1894.99	1894.99	1894.99	1894.99	1894.99	1894.99	1894.99	1894.99	1894.99	1894.99	1894.99	1894.99	1894.99	1894.99	1894.99	1894.99	1894.99	1894.99	1894.99	1894.99	1894.99	1894.99	1894.99	1894.99	6369.29	1894.99	1894.99	1894.99	1894.99	1894.99	1894.99	1894.99	1894.99	1894.99	1894.99	1894.99	1894.99	1894.99	1894.99	1894.99	1894.99	1894.99	1894.99	1894.99	1894.99	1894.99	1894.99	1894.99	1894.99	1894.99	1894.99	1894.99	1894.99	1894.99	6369.29	1894.99	1894.99	1894.99	1894.99	1894.99	1894.99	1894.99	1894.99	1894.99	1894.99	1894.99	1894.99	1894.99	1894.99	1894.99	1894.99	1894.99	1894.99	1894.99	1894.99	1894.99	1894.99	1894.99	1894.99	1894.99	1894.99	1894.99	1894.99	1894.99	6369.29	1894.99	1894.99	1894.99	1894.99	1894.99	1894.99	1894.99	1894.99	1894.99	1894.99	1894.99	1894.99	1894.99	1894.99	1894.99	1894.99	1894.99	1894.99	1894.99	1894.99	1894.99	1894.99	1894.99	1894.99	1894.99	1894.99	1894.99	1894.99	1894.99	6369.29	1894.99	1894.99	1894.99	1894.99	1894.99	1894.99	1894.99	1894.99	1894.99	1894.99	1894.99	1894.99	1894.99	1894.99	1894.99	1894.99	1894.99	1894.99	1894.99	1894.99	1894.99	1894.99	1894.99	1894.99	1894.99	1894.99	1894.99	1894.99	1894.99	6369.29	1894.99	1894.99	1894.99	1894.99	1894.99	1894.99	1894.99	1894.99	1894.99	1894.99	1894.99	1894.99	1894.99	1894.99	1894.99	1894.99	1894.99	1894.99	1894.99	1894.99	1894.99	1894.99	1894.99	1894.99	1894.99	1894.99	1894.99	1894.99	1894.99	6369.29	1894.99	1894.99	1894.99	1894.99	1894.99	1894.99	1894.99	1894.99	1894.99	1894.99	1894.99	1894.99	1894.99	1894.99	1894.99	1894.99	1894.99	1894.99	1894.99	1894.99	1894.99	1894.99	1894.99	1894.99	1894.99	1894.99	1894.99	1894.99	1894.99	6369.29	1894.99	1894.99	1894.99	1894.99	1894.99	1894.99	1894.99	1894.99	1894.99	1894.99	1894.99	1894.99	1894.99	1894.99	1894.99	1894.99	1894.99	1894.99	1894.99	1894.99	1894.99	1894.99	1894.99	1894.99	1894.99	1894.99	1894.99	1894.99	1894.99	6369.29	1894.99	1894.99	1894.99	1894.99	1894.99	1894.99	1894.99	1894.99	1894.99	1894.99	1894.99	1894.99	1894.99	1894.99	1894.99	1894.99	1894.99	1894.99	1894.99	1894.99	1894.99	1894.99	1894.99	1894.99	1894.99	1894.99	1894.99	1894.99	1894.99	6369.29	1894.99	1894.99	1894.99	1894.99	1894.99	1894.99	1894.99	1894.99	1894.99	1894.99	1894.99	1894.99	1894.99	1894.99	1894.99	1894.99	1894.99	1894.99	1894.99	1894.99	1894.99	1894.99	1894.99	1894.99	1894.99	1894.99	1894.99	1894.99	1894.99	6369.29	1894.99	1894.99	1894.99	1894.99	1894.99	1894.99	1894.99	1894.99	1894.99	1894.99	1894.99	1894.99	1894.99	1894.99	1894.99	1894.99	1894.99	1894.99	1894.99	1894.99	1894.99	1894.99	1894.99	1894.99	1894.99	1894.99	1894.99	1894.99	1894.99	6369.29	1894.99	1894.99	1894.99	1894.99	1894.99	1894.99	1894.99	1894.99	1894.99	1894.99	1894.99	1894.99	1894.99	1894.99	1894.99	1894.99	1894.99	1894.99	1894.99	1894.99	1894.99	1894.99	1894.99	1894.99	1894.99	1894.99	1894.99	1894.99	1894.99	6369.29	1894.99	1894.99	1894.99	1894.99	1894.99	1894.99	1894.99	1894.99	1894.99	1894.99	1894.99	1894.99	1894.99	1894.99	1894.99	1894.99	1894.99	1894.99	1894.99	1894.99	1894.99	1894.99	1894.99	1894.99	1894.99	1894.99	1894.99	1894.99	1894.99	6369.29	1894.99	1894.99	1894.99	1894.99	1894.99	1894.99	1894.99	1894.99	1894.99	1894.99	1894.99	1894.99	1894.99	1894.99	1894.99	1894.99	1894.99	1894.99	1894.99	1894.99	1894.99	1894.99	1894.99	1894.99	1894.99	1894.99	1894.99	1894.99	1894.99	6369.29	1894.99	1894.99	1894.99	1894.99	1894.99	1894.99	1894.99	1894.99	1894.99	1894.99	1894.99	1894.99	1894.99	1894.99	1894.99	1894.99	1894.99	1894.99	1894.99	1894.99	1894.99	1894.99	1894.99	1894.99	1894.99	1894.99	1894.99	1894.99	1894.99	6369.29	1894.99	1894.99	1894.99	1894.99	1894.99	1894.99	1894.99	1894.99	1894.99	1894.99	1894.99	1894.99	1894.99	1894.99	1894.99	1894.99	1894.99	1894.99	1894.99	1894.99	1894.99	1894.99	1894.99	1894.99	1894.99	1894.99	1894.99	1894.99	1894.99	6369.29	1894.99	1894.99	1894.99	1894.99	1894.99	1894.99	1894.99	1894.99	1894.99	1894.99	1894.99	1894.99	1894.99	1894.99	1894.99	1894.99	1894.99	1894.99	1894.99	1894.99	1894.99	1894.99	1894.99	1894.99	1894.99	1894.99	1894.99	1894.99	1894.99	6369.29	1894.99	1894.99	1894.99	1894.99	1894.99	1894.99	1894.99	1894.99	1894.99	1894.99	1894.99	1894.99	1894.99	1894.99	1894.99	1894.99	1894.99	1894.99	1894.99	1894.99	1894.99	1894.99	1894.99	1894.99	1894.99	1894.99	1894.99	1894.99	1894.99	6369.29	1894.99	1894.99	1894.99	1894.99	1894.99	1894.99	1894.99	1894.99	1894.99	1894.99	1894.99	1894.99	1894.99	1894.99	1894.99	1894.99	1894.99	1894.99	1894.99	1894.99	1894.99	1894.99	1894.99	1894.99	1894.99	1894.99	1894.99	1894.99	1894.99	6369.29	1894.99	1894.99	1894.99	1894.99	1894.99	1894.99	1894.99	1894.99	1894.99	1894.99	1894.99	1894.99	1894.99	1894.99	1894.99	1894.99	1894.99	1894.99	1894.99	1894.99	1894.99	1894.99	1894.99	1894.99	1894.99	1894.99	1894.99	1894.99	1894.99	6369.29	1894.99	1894.99	1894.99	1894.99	1894.99	1894.99	1894.99	1894.99	1894.99	1894.99	1894.99	1894.99	1894.99	1894.99	1894.99	1894.99	1894.99	1894.99	1894.99	1894.99	1894.99	1894.99	1894.99	1894.99	1894.99	1894.99	1894.99	1894.99	1894.99	6369.29	1894.99	1894.99	1894.99	1894.99	1894.99	1894.99	1894.99	1894.99	1894.99	1894.99	1894.99	1894.99	1894.99	1894.99	1894.99	1894.99	1894.99	1894.99	1894.99	1894.99	1894.99	1894.99	1894.99	1894.99	1894.99	1894.99	1894.99	1894.99	1894.99	6369.29	1894.99	1894.99	1894.99	1894.99	1894.99	1894.99	1894.99	1894.99	1894.99	1894.99	1894.99	1894.99	1894.99	1894.99	1894.99	1894.99	1894.99	1894.99	1894.99	1894.99	1894.99	1894.99	1894.99	1894.99	1894.99	1894.99	1894.99	1894.99	1894.99	6369.29	1894.99	1894.99	1894.99	1894.99	1894.99	1894.99	1894.99	1894.99	1894.99	1894.99	1894.99	1894.99	1894.99	1894.99	1894.99	1894.99	1894.99	1894.99	1894.99	1894.99	1894.99	1894.99	1894.99	1894.99	1894.99	1894.99	1894.99	1894.99	1894.99	6369.29	1894.99	1894.99	1894.99	1894.99	1894.99	1894.99	1894.99	1894.99	1894.99	1894.99	1894.99	1894.99	1894.99	1894.99	1894.99	1894.99	1894.99	1894.99	1894.99	1894.99	1894.99	1894.99	1894.99	1894.99	1894.99	1894.99	1894.99	1894.99	1894.99	6369.29	1894.99	1894.99	1894.99	1894.99	1894.99	1894.99	1894.99	1894.99	1894.99	1894.99	1894.99	1894.99	1894.99	1894.99	1894.99	1894.99	1894.99	1894.99	1894.99	1894.99	1894.99	1894.99	1894.99	1894.99	1894.99	1894.99	1894.99	1894.99	1894.99	6369.29	1894.99	1894.99	1894.99	1894.99	1894.99	1894.99	1894.99	1894.99	1894.99	1894.99	1894.99	1894.99	1894.99	1894.99	1894.99	1894.99	1894.99	1894.99	1894.99	1894.99	1894.99	1894.99	1894.99	1894.99	1894.99	1894.99	1894.99	1894.99	1894.99	6369.29	1894.99	1894.99	1894.99	1894.99	1894.99	1894.99	1894.99	1894.99	1894.99	1894.99	1894.99	1894.99	1894.99	1894.99	1894.99	1894.99	1894.99	1894.99	1894.99	1894.99	1894.99	1894.99	1894.99	1894.99	1894.99	1894.99	1894.99	1894.99	1894.99	6369.29	1894.99	1894.99	1894.99	1894.99	1894.99	1894.99	1894.99	1894.99	1894.99	1894.99	1894.99	1894.99	1894.99	1894.99	1894.99	1894.99	1894.99	1894.99	1894.99	1894.99	1894.99	1894.99	1894.99	1894.99	1894.99	1894.99	1894.99	1894.99	1894.99	6369.29	6369.29	6369.29	6369.29	6369.29	6369.29	6369.29	6369.29	6369.29	6369.29	6369.29	6369.29	6369.29	6369.29	6369.29	6369.29	6369.29	6369.29	6369.29	6369.29	6369.29	6369.29	6369.29	6369.29	6369.29	6369.29	6369.29	6369.29	6369.29	6369.29	41268.8
30	30	1	1
1878.78	1878.78	1878.78	1878.78	1878.78	1878.78	1878.78	1878.78	1878.78	1878.78	1878.78	1878.78	1878.78	1878.78	1878.78	1878.78	1878.78	1878.78	1878.78	1878.78	1878.78	1878.78	1878.78	1878.78	1878.78	1878.78	1878.78	1878.78	1878.78	6314.79	1878.78	1878.78	1878.78	1878.78	1878.78	1878.78	1878.78	1878.78	1878.78	1878.78	1878.78	1878.78	1878.78	1878.78	1878.78	1878.78	1878.78	1878.78	1878.78	1878.78	1878.78	1878.78	1878.78	1878.78	1878.78	1878.78	1878.78	1878.78	1878.78	6314.79	1878.78	1878.78	1878.78	1878.78	1878.78	1878.78	1878.78	1878.78	1878.78	1878.78	1878.78	1878.78	1878.78	1878.78	1878.78	1878.78	1878.78	1878.78	1878.78	1878.78	1878.78	1878.78	1878.78	1878.78	1878.78	1878.78	1878.78	1878.78	1878.78	6314.79	1878.78	1878.78	1878.78	1878.78	1878.78	1878.78	1878.78	1878.78	1878.78	1878.78	1878.78	1878.78	1878.78	1878.78	1878.78	1878.78	1878.78	1878.78	1878.78	1878.78	1878.78	1878.78	1878.78	1878.78	1878.78	1878.78	1878.78	1878.78	1878.78	6314.79	1878.78	1878.78	1878.78	1878.78	1878.78	1878.78	1878.78	1878.78	1878.78	1878.78	1878.78	1878.78	1878.78	1878.78	1878.78	1878.78	1878.78	1878.78	1878.78	1878.78	1878.78	1878.78	1878.78	1878.78	1878.78	1878.78	1878.78	1878.78	1878.78	6314.79	1878.78	1878.78	1878.78	1878.78	1878.78	1878.78	1878.78	1878.78	1878.78	1878.78	1878.78	1878.78	1878.78	1878.78	1878.78	1878.78	1878.78	1878.78	1878.78	1878.78	1878.78	1878.78	1878.78	1878.78	1878.78	1878.78	1878.78	1878.78	1878.78	6314.79	1878.78	1878.78	1878.78	1878.78	1878.78	1878.78	1878.78	1878.78	1878.78	1878.78	1878.78	1878.78	1878.78	1878.78	1878.78	1878.78	1878.78	1878.78	1878.78	1878.78	1878.78	1878.78	1878.78	1878.78	1878.78	1878.78	1878.78	1878.78	1878.78	6314.79	1878.78	1878.78	1878.78	1878.78	1878.78	1878.78	1878.78	1878.78	1878.78	1878.78	1878.78	1878.78	1878.78	1878.78	1878.78	1878.78	1878.78	1878.78	1878.78	1878.78	1878.78	1878.78	1878.78	1878.78	1878.78	1878.78	1878.78	1878.78	1878.78	6314.79	1878.78	1878.78	1878.78	1878.78	1878.78	1878.78	1878.78	1878.78	1878.78	1878.78	1878.78	1878.78	1878.78	1878.78	1878.78	1878.78	1878.78	1878.78	1878.78	1878.78	1878.78	1878.78	1878.78	1878.78	1878.78	1878.78	1878.78	1878.78	1878.78	6314.79	1878.78	1878.78	1878.78	1878.78	1878.78	1878.78	1878.78	1878.78	1878.78	1878.78	1878.78	1878.78	1878.78	1878.78	1878.78	1878.78	1878.78	1878.78	1878.78	1878.78	1878.78	1878.78	1878.78	1878.78	1878.78	1878.78	1878.78	1878.78	1878.78	6314.79	1878.78	1878.78	1878.78	1878.78	1878.78	1878.78	1878.78	1878.78	1878.78	1878.78	1878.78	1878.78	1878.78	1878.78	1878.78	1878.78	1878.78	1878.78	1878.78	1878.78	1878.78	1878.78	1878.78	1878.78	1878.78	1878.78	1878.78	1878.78	1878.78	6314.79	1878.78	1878.78	1878.78	1878.78	1878.78	1878.78	1878.78	1878.78	1878.78	1878.78	1878.78	1878.78	1878.78	1878.78	1878.78	1878.78	1878.78	1878.78	1878.78	1878.78	1878.78	1878.78	1878.78	1878.78	1878.78	1878.78	1878.78	1878.78	1878.78	6314.79	1878.78	1878.78	1878.78	1878.78	1878.78	1878.78	1878.78	1878.78	1878.78	1878.78	1878.78	1878.78	1878.78	1878.78	1878.78	1878.78	1878.78	1878.78	1878.78	1878.78	1878.78	1878.78	1878.78	1878.78	1878.78	1878.78	1878.78	1878.78	1878.78	6314.79	1878.78	1878.78	1878.78	1878.78	1878.78	1878.78	1878.78	1878.78	1878.78	1878.78	1878.78	1878.78	1878.78	1878.78	1878.78	1878.78	1878.78	1878.78	1878.78	1878.78	1878.78	1878.78	1878.78	1878.78	1878.78	1878.78	1878.78	1878.78	1878.78	6314.79	1878.78	1878.78	1878.78	1878.78	1878.78	1878.78	1878.78	1878.78	1878.78	1878.78	1878.78	1878.78	1878.78	1878.78	1878.78	1878.78	1878.78	1878.78	1878.78	1878.78	1878.78	1878.78	1878.78	1878.78	1878.78	1878.78	1878.78	1878.78	1878.78	6314.79	1878.78	1878.78	1878.78	1878.78	1878.78	1878.78	1878.78	1878.78	1878.78	1878.78	1878.78	1878.78	1878.78	1878.78	1878.78	1878.78	1878.78	1878.78	1878.78	1878.78	1878.78	1878.78	1878.78	1878.78	1878.78	1878.78	1878.78	1878.78	1878.78	6314.79	1878.78	1878.78	1878.78	1878.78	1878.78	1878.78	1878.78	1878.78	1878.78	1878.78	1878.78	1878.78	1878.78	1878.78	1878.78	1878.78	1878.78	1878.78	1878.78	1878.78	1878.78	1878.78	1878.78	1878.78	1878.78	1878.78	1878.78	1878.78	1878.78	6314.79	1878.78	1878.78	1878.78	1878.78	1878.78	1878.78	1878.78	1878.78	1878.78	1878.78	1878.78	1878.78	1878.78	1878.78	1878.78	1878.78	1878.78	1878.78	1878.78	1878.78	1878.78	1878.78	1878.78	1878.78	1878.78	1878.78	1878.78	1878.78	1878.78	6314.79	1878.78	1878.78	1878.78	1878.78	1878.78	1878.78	1878.78	1878.78	1878.78	1878.78	1878.78	1878.78	1878.78	1878.78	1878.78	1878.78	1878.78	1878.78	1878.78	1878.78	1878.78	1878.78	1878.78	1878.78	1878.78	1878.78	1878.78	1878.78	1878.78	6314.79	1878.78	1878.78	1878.78	1878.78	1878.78	1878.78	1878.78	1878.78	1878.78	1878.78	1878.78	1878.78	1878.78	1878.78	1878.78	1878.78	1878.78	1878.78	1878.78	1878.78	1878.78	1878.78	1878.78	1878.78	1878.78	1878.78	1878.78	1878.78	1878.78	6314.79	1878.78	1878.78	1878.78	1878.78	1878.78	1878.78	1878.78	1878.78	1878.78	1878.78	1878.78	1878.78	1878.78	1878.78	1878.78	1878.78	1878.78	1878.78	1878.78	1878.78	1878.78	1878.78	1878.78	1878.78	1878.78	1878.78	1878.78	1878.78	1878.78	6314.79	1878.78	1878.78	1878.78	1878.78	1878.78	1878.78	1878.78	1878.78	1878.78	1878.78	1878.78	1878.78	1878.78	1878.78	1878.78	1878.78	1878.78	1878.78	1878.78	1878.78	1878.78	1878.78	1878.78	1878.78	1878.78	1878.78	1878.78	1878.78	1878.78	6314.79	1878.78	1878.78	1878.78	1878.78	1878.78	1878.78	1878.78	1878.78	1878.78	1878.78	1878.78	1878.78	1878.78	1878.78	1878.78	1878.78	1878.78	1878.78	1878.78	1878.78	1878.78	1878.78	1878.78	1878.78	1878.78	1878.78	1878.78	1878.78	1878.78	6314.79	1878.78	1878.78	1878.78	1878.78	1878.78	1878.78	1878.78	1878.78	1878.78	1878.78	1878.78	1878.78	1878.78	1878.78	1878.78	1878.78	1878.78	1878.78	1878.78	1878.78	1878.78	1878.78	1878.78	1878.78	1878.78	1878.78	1878.78	1878.78	1878.78	6314.79	1878.78	1878.78	1878.78	1878.78	1878.78	1878.78	1878.78	1878.78	1878.78	1878.78	1878.78	1878.78	1878.78	1878.78	1878.78	1878.78	1878.78	1878.78	1878.78	1878.78	1878.78	1878.78	1878.78	1878.78	1878.78	1878.78	1878.78	1878.78	1878.78	6314.79	1878.78	1878.78	1878.78	1878.78	1878.78	1878.78	1878.78	1878.78	1878.78	1878.78	1878.78	1878.78	1878.78	1878.78	1878.78	1878.78	1878.78	1878.78	1878.78	1878.78	1878.78	1878.78	1878.78	1878.78	1878.78	1878.78	1878.78	1878.78	1878.78	6314.79	1878.78	1878.78	1878.78	1878.78	1878.78	1878.78	1878.78	1878.78	1878.78	1878.78	1878.78	1878.78	1878.78	1878.78	1878.78	1878.78	1878.78	1878.78	1878.78	1878.78	1878.78	1878.78	1878.78	1878.78	1878.78	1878.78	1878.78	1878.78	1878.78	6314.79	1878.78	1878.78	1878.78	1878.78	1878.78	1878.78	1878.78	1878.78	1878.78	1878.78	1878.78	1878.78	1878.78	1878.78	1878.78	1878.78	1878.78	1878.78	1878.78	1878.78	1878.78	1878.78	1878.78	1878.78	1878.78	1878.78	1878.78	1878.78	1878.78	6314.79	1878.78	1878.78	1878.78	1878.78	1878.78	1878.78	1878.78	1878.78	1878.78	1878.78	1878.78	1878.78	1878.78	1878.78	1878.78	1878.78	1878.78	1878.78	1878.78	1878.78	1878.78	1878.78	1878.78	1878.78	1878.78	1878.78	1878.78	1878.78	1878.78	6314.79	6314.79	6314.79	6314.79	6314.79	6314.79	6314.79	6314.79	6314.79	6314.79	6314.79	6314.79	6314.79	6314.79	6314.79	6314.79	6314.79	6314.79	6314.79	6314.79	6314.79	6314.79	6314.79	6314.79	6314.79	6314.79	6314.79	6314.79	6314.79	6314.79	40915.7
30	30	1	1
1832.52	1832.52	1832.52	1832.52	1832.52	1832.52	1832.52	1832.52	1832.52	1832.52	1832.52	1832.52	1832.52	1832.52	1832.52	1832.52	1832.52	1832.52	1832.52	1832.52	1832.52	1832.52	1832.52	1832.52	1832.52	1832.52	1832.52	1832.52	1832.52	6159.29	1832.52	1832.52	1832.52	1832.52	1832.52	1832.52	1832.52	1832.52	1832.52	1832.52	1832.52	1832.52	1832.52	1832.52	1832.52	1832.52	1832.52	1832.52	1832.52	1832.52	1832.52	1832.52	1832.52	1832.52	1832.52	1832.52	1832.52	1832.52	1832.52	6159.29	1832.52	1832.52	1832.52	1832.52	1832.52	1832.52	1832.52	1832.52	1832.52	1832.52	1832.52	1832.52	1832.52	1832.52	1832.52	1832.52	1832.52	1832.52	1832.52	1832.52	1832.52	1832.52	1832.52	1832.52	1832.52	1832.52	1832.52	1832.52	1832.52	6159.29	1832.52	1832.52	1832.52	1832.52	1832.52	1832.52	1832.52	1832.52	1832.52	1832.52	1832.52	1832.52	1832.52	1832.52	1832.52	1832.52	1832.52	1832.52	1832.52	1832.52	1832.52	1832.52	1832.52	1832.52	1832.52	1832.52	1832.52	1832.52	1832.52	6159.29	1832.52	1832.52	1832.52	1832.52	1832.52	1832.52	1832.52	1832.52	1832.52	1832.52	1832.52	1832.52	1832.52	1832.52	1832.52	1832.52	1832.52	1832.52	1832.52	1832.52	1832.52	1832.52	1832.52	1832.52	1832.52	1832.52	1832.52	1832.52	1832.52	6159.29	1832.52	1832.52	1832.52	1832.52	1832.52	1832.52	1832.52	1832.52	1832.52	1832.52	1832.52	1832.52	1832.52	1832.52	1832.52	1832.52	1832.52	1832.52	1832.52	1832.52	1832.52	1832.52	1832.52	1832.52	1832.52	1832.52	1832.52	1832.52	1832.52	6159.29	1832.52	1832.52	1832.52	1832.52	1832.52	1832.52	1832.52	1832.52	1832.52	1832.52	1832.52	1832.52	1832.52	1832.52	1832.52	1832.52	1832.52	1832.52	1832.52	1832.52	1832.52	1832.52	1832.52	1832.52	1832.52	1832.52	1832.52	1832.52	1832.52	6159.29	1832.52	1832.52	1832.52	1832.52	1832.52	1832.52	1832.52	1832.52	1832.52	1832.52	1832.52	1832.52	1832.52	1832.52	1832.52	1832.52	1832.52	1832.52	1832.52	1832.52	1832.52	1832.52	1832.52	1832.52	1832.52	1832.52	1832.52	1832.52	1832.52	6159.29	1832.52	1832.52	1832.52	1832.52	1832.52	1832.52	1832.52	1832.52	1832.52	1832.52	1832.52	1832.52	1832.52	1832.52	1832.52	1832.52	1832.52	1832.52	1832.52	1832.52	1832.52	1832.52	1832.52	1832.52	1832.52	1832.52	1832.52	1832.52	1832.52	6159.29	1832.52	1832.52	1832.52	1832.52	1832.52	1832.52	1832.52	1832.52	1832.52	1832.52	1832.52	1832.52	1832.52	1832.52	1832.52	1832.52	1832.52	1832.52	1832.52	1832.52	1832.52	1832.52	1832.52	1832.52	1832.52	1832.52	1832.52	1832.52	1832.52	6159.29	1832.52	1832.52	1832.52	1832.52	1832.52	1832.52	1832.52	1832.52	1832.52	1832.52	1832.52	1832.52	1832.52	1832.52	1832.52	1832.52	1832.52	1832.52	1832.52	1832.52	1832.52	1832.52	1832.52	1832.52	1832.52	1832.52	1832.52	1832.52	1832.52	6159.29	1832.52	1832.52	1832.52	1832.52	1832.52	1832.52	1832.52	1832.52	1832.52	1832.52	1832.52	1832.52	1832.52	1832.52	1832.52	1832.52	1832.52	1832.52	1832.52	1832.52	1832.52	1832.52	1832.52	1832.52	1832.52	1832.52	1832.52	1832.52	1832.52	6159.29	1832.52	1832.52	1832.52	1832.52	1832.52	1832.52	1832.52	1832.52	1832.52	1832.52	1832.52	1832.52	1832.52	1832.52	1832.52	1832.52	1832.52	1832.52	1832.52	1832.52	1832.52	1832.52	1832.52	1832.52	1832.52	1832.52	1832.52	1832.52	1832.52	6159.29	1832.52	1832.52	1832.52	1832.52	1832.52	1832.52	1832.52	1832.52	1832.52	1832.52	1832.52	1832.52	1832.52	1832.52	1832.52	1832.52	1832.52	1832.52	1832.52	1832.52	1832.52	1832.52	1832.52	1832.52	1832.52	1832.52	1832.52	1832.52	1832.52	6159.29	1832.52	1832.52	1832.52	1832.52	1832.52	1832.52	1832.52	1832.52	1832.52	1832.52	1832.52	1832.52	1832.52	1832.52	1832.52	1832.52	1832.52	1832.52	1832.52	1832.52	1832.52	1832.52	1832.52	1832.52	1832.52	1832.52	1832.52	1832.52	1832.52	6159.29	1832.52	1832.52	1832.52	1832.52	1832.52	1832.52	1832.52	1832.52	1832.52	1832.52	1832.52	1832.52	1832.52	1832.52	1832.52	1832.52	1832.52	1832.52	1832.52	1832.52	1832.52	1832.52	1832.52	1832.52	1832.52	1832.52	1832.52	1832.52	1832.52	6159.29	1832.52	1832.52	1832.52	1832.52	1832.52	1832.52	1832.52	1832.52	1832.52	1832.52	1832.52	1832.52	1832.52	1832.52	1832.52	1832.52	1832.52	1832.52	1832.52	1832.52	1832.52	1832.52	1832.52	1832.52	1832.52	1832.52	1832.52	1832.52	1832.52	6159.29	1832.52	1832.52	1832.52	1832.52	1832.52	1832.52	1832.52	1832.52	1832.52	1832.52	1832.52	1832.52	1832.52	1832.52	1832.52	1832.52	1832.52	1832.52	1832.52	1832.52	1832.52	1832.52	1832.52	1832.52	1832.52	1832.52	1832.52	1832.52	1832.52	6159.29	1832.52	1832.52	1832.52	1832.52	1832.52	1832.52	1832.52	1832.52	1832.52	1832.52	1832.52	1832.52	1832.52	1832.52	1832.52	1832.52	1832.52	1832.52	1832.52	1832.52	1832.52	1832.52	1832.52	1832.52	1832.52	1832.52	1832.52	1832.52	1832.52	6159.29	1832.52	1832.52	1832.52	1832.52	1832.52	1832.52	1832.52	1832.52	1832.52	1832.52	1832.52	1832.52	1832.52	1832.52	1832.52	1832.52	1832.52	1832.52	1832.52	1832.52	1832.52	1832.52	1832.52	1832.52	1832.52	1832.52	1832.52	1832.52	1832.52	6159.29	1832.52	1832.52	1832.52	1832.52	1832.52	1832.52	1832.52	1832.52	1832.52	1832.52	1832.52	1832.52	1832.52	1832.52	1832.52	1832.52	1832.52	1832.52	1832.52	1832.52	1832.52	1832.52	1832.52	1832.52	1832.52	1832.52	1832.52	1832.52	1832.52	6159.29	1832.52	1832.52	1832.52	1832.52	1832.52	1832.52	1832.52	1832.52	1832.52	1832.52	1832.52	1832.52	1832.52	1832.52	1832.52	1832.52	1832.52	1832.52	1832.52	1832.52	1832.52	1832.52	1832.52	1832.52	1832.52	1832.52	1832.52	1832.52	1832.52	6159.29	1832.52	1832.52	1832.52	1832.52	1832.52	1832.52	1832.52	1832.52	1832.52	1832.52	1832.52	1832.52	1832.52	1832.52	1832.52	1832.52	1832.52	1832.52	1832.52	1832.52	1832.52	1832.52	1832.52	1832.52	1832.52	1832.52	1832.52	1832.52	1832.52	6159.29	1832.52	1832.52	1832.52	1832.52	1832.52	1832.52	1832.52	1832.52	1832.52	1832.52	1832.52	1832.52	1832.52	1832.52	1832.52	1832.52	1832.52	1832.52	1832.52	1832.52	1832.52	1832.52	1832.52	1832.52	1832.52	1832.52	1832.52	1832.52	1832.52	6159.29	1832.52	1832.52	1832.52	1832.52	1832.52	1832.52	1832.52	1832.52	1832.52	1832.52	1832.52	1832.52	1832.52	1832.52	1832.52	1832.52	1832.52	1832.52	1832.52	1832.52	1832.52	1832.52	1832.52	1832.52	1832.52	1832.52	1832.52	1832.52	1832.52	6159.29	1832.52	1832.52	1832.52	1832.52	1832.52	1832.52	1832.52	1832.52	1832.52	1832.52	1832.52	1832.52	1832.52	1832.52	1832.52	1832.52	1832.52	1832.52	1832.52	1832.52	1832.52	1832.52	1832.52	1832.52	1832.52	1832.52	1832.52	1832.52	1832.52	6159.29	1832.52	1832.52	1832.52	1832.52	1832.52	1832.52	1832.52	1832.52	1832.52	1832.52	1832.52	1832.52	1832.52	1832.52	1832.52	1832.52	1832.52	1832.52	1832.52	1832.52	1832.52	1832.52	1832.52	1832.52	1832.52	1832.52	1832.52	1832.52	1832.52	6159.29	1832.52	1832.52	1832.52	1832.52	1832.52	1832.52	1832.52	1832.52	1832.52	1832.52	1832.52	1832.52	1832.52	1832.52	1832.52	1832.52	1832.52	1832.52	1832.52	1832.52	1832.52	1832.52	1832.52	1832.52	1832.52	1832.52	1832.52	1832.52	1832.52	6159.29	1832.52	1832.52	1832.52	1832.52	1832.52	1832.52	1832.52	1832.52	1832.52	1832.52	1832.52	1832.52	1832.52	1832.52	1832.52	1832.52	1832.52	1832.52	1832.52	1832.52	1832.52	1832.52	1832.52	1832.52	1832.52	1832.52	1832.52	1832.52	1832.52	6159.29	6159.29	6159.29	6159.29	6159.29	6159.29	6159.29	6159.29	6159.29	6159.29	6159.29	6159.29	6159.29	6159.29	6159.29	6159.29	6159.29	6159.29	6159.29	6159.29	6159.29	6159.29	6159.29	6159.29	6159.29	6159.29	6159.29	6159.29	6159.29	6159.29	39908.1
30	30	1	1
1768.47	1768.47	1768.47	1768.47	1768.47	1768.47	1768.47	1768.47	1768.47	1768.47	1768.47	1768.47	1768.47	1768.47	1768.47	1768.47	1768.47	1768.47	1768.47	1768.47	1768.47	1768.47	1768.47	1768.47	1768.47	1768.47	1768.47	1768.47	1768.47	5944.01	1768.47	1768.47	1768.47	1768.47	1768.47	1768.47	1768.47	1768.47	1768.47	1768.47	1768.47	1768.47	1768.47	1768.47	1768.47	1768.47	1768.47	1768.47	1768.47	1768.47	1768.47	1768.47	1768.47	1768.47	1768.47	1768.47	1768.47	1768.47	1768.47	5944.01	1768.47	1768.47	1768.47	1768.47	1768.47	1768.47	1768.47	1768.47	1768.47	1768.47	1768.47	1768.47	1768.47	1768.47	1768.47	1768.47	1768.47	1768.47	1768.47	1768.47	1768.47	1768.47	1768.47	1768.47	1768.47	1768.47	1768.47	1768.47	1768.47	5944.01	1768.47	1768.47	1768.47	1768.47	1768.47	1768.47	1768.47	1768.47	1768.47	1768.47	1768.47	1768.47	1768.47	1768.47	1768.47	1768.47	1768.47	1768.47	1768.47	1768.47	1768.47	1768.47	1768.47	1768.47	1768.47	1768.47	1768.47	1768.47	1768.47	5944.01	1768.47	1768.47	1768.47	1768.47	1768.47	1768.47	1768.47	1768.47	1768.47	1768.47	1768.47	1768.47	1768.47	1768.47	1768.47	1768.47	1768.47	1768.47	1768.47	1768.47	1768.47	1768.47	1768.47	1768.47	1768.47	1768.47	1768.47	1768.47	1768.47	5944.01	1768.47	1768.47	1768.47	1768.47	1768.47	1768.47	1768.47	1768.47	1768.47	1768.47	1768.47	1768.47	1768.47	1768.47	1768.47	1768.47	1768.47	1768.47	1768.47	1768.47	1768.47	1768.47	1768.47	1768.47	1768.47	1768.47	1768.47	1768.47	1768.47	5944.01	1768.47	1768.47	1768.47	1768.47	1768.47	1768.47	1768.47	1768.47	1768.47	1768.47	1768.47	1768.47	1768.47	1768.47	1768.47	1768.47	1768.47	1768.47	1768.47	1768.47	1768.47	1768.47	1768.47	1768.47	1768.47	1768.47	1768.47	1768.47	1768.47	5944.01	1768.47	1768.47	1768.47	1768.47	1768.47	1768.47	1768.47	1768.47	1768.47	1768.47	1768.47	1768.47	1768.47	1768.47	1768.47	1768.47	1768.47	1768.47	1768.47	1768.47	1768.47	1768.47	1768.47	1768.47	1768.47	1768.47	1768.47	1768.47	1768.47	5944.01	1768.47	1768.47	1768.47	1768.47	1768.47	1768.47	1768.47	1768.47	1768.47	1768.47	1768.47	1768.47	1768.47	1768.47	1768.47	1768.47	1768.47	1768.47	1768.47	1768.47	1768.47	1768.47	1768.47	1768.47	1768.47	1768.47	1768.47	1768.47	1768.47	5944.01	1768.47	1768.47	1768.47	1768.47	1768.47	1768.47	1768.47	1768.47	1768.47	1768.47	1768.47	1768.47	1768.47	1768.47	1768.47	1768.47	1768.47	1768.47	1768.47	1768.47	1768.47	1768.47	1768.47	1768.47	1768.47	1768.47	1768.47	1768.47	1768.47	5944.01	1768.47	1768.47	1768.47	1768.47	1768.47	1768.47	1768.47	1768.47	1768.47	1768.47	1768.47	1768.47	1768.47	1768.47	1768.47	1768.47	1768.47	1768.47	1768.47	1768.47	1768.47	1768.47	1768.47	1768.47	1768.47	1768.47	1768.47	1768.47	1768.47	5944.01	1768.47	1768.47	1768.47	1768.47	1768.47	1768.47	1768.47	1768.47	1768.47	1768.47	1768.47	1768.47	1768.47	1768.47	1768.47	1768.47	1768.47	1768.47	1768.47	1768.47	1768.47	1768.47	1768.47	1768.47	1768.47	1768.47	1768.47	1768.47	1768.47	5944.01	1768.47	1768.47	1768.47	1768.47	1768.47	1768.47	1768.47	1768.47	1768.47	1768.47	1768.47	1768.47	1768.47	1768.47	1768.47	1768.47	1768.47	1768.47	1768.47	1768.47	1768.47	1768.47	1768.47	1768.47	1768.47	1768.47	1768.47	1768.47	1768.47	5944.01	1768.47	1768.47	1768.47	1768.47	1768.47	1768.47	1768.47	1768.47	1768.47	1768.47	1768.47	1768.47	1768.47	1768.47	1768.47	1768.47	1768.47	1768.47	1768.47	1768.47	1768.47	1768.47	1768.47	1768.47	1768.47	1768.47	1768.47	1768.47	1768.47	5944.01	1768.47	1768.47	1768.47	1768.47	1768.47	1768.47	1768.47	1768.47	1768.47	1768.47	1768.47	1768.47	1768.47	1768.47	1768.47	1768.47	1768.47	1768.47	1768.47	1768.47	1768.47	1768.47	1768.47	1768.47	1768.47	1768.47	1768.47	1768.47	1768.47	5944.01	1768.47	1768.47	1768.47	1768.47	1768.47	1768.47	1768.47	1768.47	1768.47	1768.47	1768.47	1768.47	1768.47	1768.47	1768.47	1768.47	1768.47	1768.47	1768.47	1768.47	1768.47	1768.47	1768.47	1768.47	1768.47	1768.47	1768.47	1768.47	1768.47	5944.01	1768.47	1768.47	1768.47	1768.47	1768.47	1768.47	1768.47	1768.47	1768.47	1768.47	1768.47	1768.47	1768.47	1768.47	1768.47	1768.47	1768.47	1768.47	1768.47	1768.47	1768.47	1768.47	1768.47	1768.47	1768.47	1768.47	1768.47	1768.47	1768.47	5944.01	1768.47	1768.47	1768.47	1768.47	1768.47	1768.47	1768.47	1768.47	1768.47	1768.47	1768.47	1768.47	1768.47	1768.47	1768.47	1768.47	1768.47	1768.47	1768.47	1768.47	1768.47	1768.47	1768.47	1768.47	1768.47	1768.47	1768.47	1768.47	1768.47	5944.01	1768.47	1768.47	1768.47	1768.47	1768.47	1768.47	1768.47	1768.47	1768.47	1768.47	1768.47	1768.47	1768.47	1768.47	1768.47	1768.47	1768.47	1768.47	1768.47	1768.47	1768.47	1768.47	1768.47	1768.47	1768.47	1768.47	1768.47	1768.47	1768.47	5944.01	1768.47	1768.47	1768.47	1768.47	1768.47	1768.47	1768.47	1768.47	1768.47	1768.47	1768.47	1768.47	1768.47	1768.47	1768.47	1768.47	1768.47	1768.47	1768.47	1768.47	1768.47	1768.47	1768.47	1768.47	1768.47	1768.47	1768.47	1768.47	1768.47	5944.01	1768.47	1768.47	1768.47	1768.47	1768.47	1768.47	1768.47	1768.47	1768.47	1768.47	1768.47	1768.47	1768.47	1768.47	1768.47	1768.47	1768.47	1768.47	1768.47	1768.47	1768.47	1768.47	1768.47	1768.47	1768.47	1768.47	1768.47	1768.47	1768.47	5944.01	1768.47	1768.47	1768.47	1768.47	1768.47	1768.47	1768.47	1768.47	1768.47	1768.47	1768.47	1768.47	1768.47	1768.47	1768.47	1768.47	1768.47	1768.47	1768.47	1768.47	1768.47	1768.47	1768.47	1768.47	1768.47	1768.47	1768.47	1768.47	1768.47	5944.01	1768.47	1768.47	1768.47	1768.47	1768.47	1768.47	1768.47	1768.47	1768.47	1768.47	1768.47	1768.47	1768.47	1768.47	1768.47	1768.47	1768.47	1768.47	1768.47	1768.47	1768.47	1768.47	1768.47	1768.47	1768.47	1768.47	1768.47	1768.47	1768.47	5944.01	1768.47	1768.47	1768.47	1768.47	1768.47	1768.47	1768.47	1768.47	1768.47	1768.47	1768.47	1768.47	1768.47	1768.47	1768.47	1768.47	1768.47	1768.47	1768.47	1768.47	1768.47	1768.47	1768.47	1768.47	1768.47	1768.47	1768.47	1768.47	1768.47	5944.01	1768.47	1768.47	1768.47	1768.47	1768.47	1768.47	1768.47	1768.47	1768.47	1768.47	1768.47	1768.47	1768.47	1768.47	1768.47	1768.47	1768.47	1768.47	1768.47	1768.47	1768.47	1768.47	1768.47	1768.47	1768.47	1768.47	1768.47	1768.47	1768.47	5944.01	1768.47	1768.47	1768.47	1768.47	1768.47	1768.47	1768.47	1768.47	1768.47	1768.47	1768.47	1768.47	1768.47	1768.47	1768.47	1768.47	1768.47	1768.47	1768.47	1768.47	1768.47	1768.47	1768.47	1768.47	1768.47	1768.47	1768.47	1768.47	1768.47	5944.01	1768.47	1768.47	1768.47	1768.47	1768.47	1768.47	1768.47	1768.47	1768.47	1768.47	1768.47	1768.47	1768.47	1768.47	1768.47	1768.47	1768.47	1768.47	1768.47	1768.47	1768.47	1768.47	1768.47	1768.47	1768.47	1768.47	1768.47	1768.47	1768.47	5944.01	1768.47	1768.47	1768.47	1768.47	1768.47	1768.47	1768.47	1768.47	1768.47	1768.47	1768.47	1768.47	1768.47	1768.47	1768.47	1768.47	1768.47	1768.47	1768.47	1768.47	1768.47	1768.47	1768.47	1768.47	1768.47	1768.47	1768.47	1768.47	1768.47	5944.01	1768.47	1768.47	1768.47	1768.47	1768.47	1768.47	1768.47	1768.47	1768.47	1768.47	1768.47	1768.47	1768.47	1768.47	1768.47	1768.47	1768.47	1768.47	1768.47	1768.47	1768.47	1768.47	1768.47	1768.47	1768.47	1768.47	1768.47	1768.47	1768.47	5944.01	5944.01	5944.01	5944.01	5944.01	5944.01	5944.01	5944.01	5944.01	5944.01	5944.01	5944.01	5944.01	5944.01	5944.01	5944.01	5944.01	5944.01	5944.01	5944.01	5944.01	5944.01	5944.01	5944.01	5944.01	5944.01	5944.01	5944.01	5944.01	5944.01	38513.3
30	30	1	1
1726.37	1726.37	1726.37	1726.37	1726.37	1726.37	1726.37	1726.37	1726.37	1726.37	1726.37	1726.37	1726.37	1726.37	1726.37	1726.37	1726.37	1726.37	1726.37	1726.37	1726.37	1726.37	1726.37	1726.37	1726.37	1726.37	1726.37	1726.37	1726.37	5802.53	1726.37	1726.37	1726.37	1726.37	1726.37	1726.37	1726.37	1726.37	1726.37	1726.37	1726.37	1726.37	1726.37	1726.37	1726.37	1726.37	1726.37	1726.37	1726.37	1726.37	1726.37	1726.37	1726.37	1726.37	1726.37	1726.37	1726.37	1726.37	1726.37	5802.53	1726.37	1726.37	1726.37	1726.37	1726.37	1726.37	1726.37	1726.37	1726.37	1726.37	1726.37	1726.37	1726.37	1726.37	1726.37	1726.37	1726.37	1726.37	1726.37	1726.37	1726.37	1726.37	1726.37	1726.37	1726.37	1726.37	1726.37	1726.37	1726.37	5802.53	1726.37	1726.37	1726.37	1726.37	1726.37	1726.37	1726.37	1726.37	1726.37	1726.37	1726.37	1726.37	1726.37	1726.37	1726.37	1726.37	1726.37	1726.37	1726.37	1726.37	1726.37	1726.37	1726.37	1726.37	1726.37	1726.37	1726.37	1726.37	1726.37	5802.53	1726.37	1726.37	1726.37	1726.37	1726.37	1726.37	1726.37	1726.37	1726.37	1726.37	1726.37	1726.37	1726.37	1726.37	1726.37	1726.37	1726.37	1726.37	1726.37	1726.37	1726.37	1726.37	1726.37	1726.37	1726.37	1726.37	1726.37	1726.37	1726.37	5802.53	1726.37	1726.37	1726.37	1726.37	1726.37	1726.37	1726.37	1726.37	1726.37	1726.37	1726.37	1726.37	1726.37	1726.37	1726.37	1726.37	1726.37	1726.37	1726.37	1726.37	1726.37	1726.37	1726.37	1726.37	1726.37	1726.37	1726.37	1726.37	1726.37	5802.53	1726.37	1726.37	1726.37	1726.37	1726.37	1726.37	1726.37	1726.37	1726.37	1726.37	1726.37	1726.37	1726.37	1726.37	1726.37	1726.37	1726.37	1726.37	1726.37	1726.37	1726.37	1726.37	1726.37	1726.37	1726.37	1726.37	1726.37	1726.37	1726.37	5802.53	1726.37	1726.37	1726.37	1726.37	1726.37	1726.37	1726.37	1726.37	1726.37	1726.37	1726.37	1726.37	1726.37	1726.37	1726.37	1726.37	1726.37	1726.37	1726.37	1726.37	1726.37	1726.37	1726.37	1726.37	1726.37	1726.37	1726.37	1726.37	1726.37	5802.53	1726.37	1726.37	1726.37	1726.37	1726.37	1726.37	1726.37	1726.37	1726.37	1726.37	1726.37	1726.37	1726.37	1726.37	1726.37	1726.37	1726.37	1726.37	1726.37	1726.37	1726.37	1726.37	1726.37	1726.37	1726.37	1726.37	1726.37	1726.37	1726.37	5802.53	1726.37	1726.37	1726.37	1726.37	1726.37	1726.37	1726.37	1726.37	1726.37	1726.37	1726.37	1726.37	1726.37	1726.37	1726.37	1726.37	1726.37	1726.37	1726.37	1726.37	1726.37	1726.37	1726.37	1726.37	1726.37	1726.37	1726.37	1726.37	1726.37	5802.53	1726.37	1726.37	1726.37	1726.37	1726.37	1726.37	1726.37	1726.37	1726.37	1726.37	1726.37	1726.37	1726.37	1726.37	1726.37	1726.37	1726.37	1726.37	1726.37	1726.37	1726.37	1726.37	1726.37	1726.37	1726.37	1726.37	1726.37	1726.37	1726.37	5802.53	1726.37	1726.37	1726.37	1726.37	1726.37	1726.37	1726.37	1726.37	1726.37	1726.37	1726.37	1726.37	1726.37	1726.37	1726.37	1726.37	1726.37	1726.37	1726.37	1726.37	1726.37	1726.37	1726.37	1726.37	1726.37	1726.37	1726.37	1726.37	1726.37	5802.53	1726.37	1726.37	1726.37	1726.37	1726.37	1726.37	1726.37	1726.37	1726.37	1726.37	1726.37	1726.37	1726.37	1726.37	1726.37	1726.37	1726.37	1726.37	1726.37	1726.37	1726.37	1726.37	1726.37	1726.37	1726.37	1726.37	1726.37	1726.37	1726.37	5802.53	1726.37	1726.37	1726.37	1726.37	1726.37	1726.37	1726.37	1726.37	1726.37	1726.37	1726.37	1726.37	1726.37	1726.37	1726.37	1726.37	1726.37	1726.37	1726.37	1726.37	1726.37	1726.37	1726.37	1726.37	1726.37	1726.37	1726.37	1726.37	1726.37	5802.53	1726.37	1726.37	1726.37	1726.37	1726.37	1726.37	1726.37	1726.37	1726.37	1726.37	1726.37	1726.37	1726.37	1726.37	1726.37	1726.37	1726.37	1726.37	1726.37	1726.37	1726.37	1726.37	1726.37	1726.37	1726.37	1726.37	1726.37	1726.37	1726.37	5802.53	1726.37	1726.37	1726.37	1726.37	1726.37	1726.37	1726.37	1726.37	1726.37	1726.37	1726.37	1726.37	1726.37	1726.37	1726.37	1726.37	1726.37	1726.37	1726.37	1726.37	1726.37	1726.37	1726.37	1726.37	1726.37	1726.37	1726.37	1726.37	1726.37	5802.53	1726.37	1726.37	1726.37	1726.37	1726.37	1726.37	1726.37	1726.37	1726.37	1726.37	1726.37	1726.37	1726.37	1726.37	1726.37	1726.37	1726.37	1726.37	1726.37	1726.37	1726.37	1726.37	1726.37	1726.37	1726.37	1726.37	1726.37	1726.37	1726.37	5802.53	1726.37	1726.37	1726.37	1726.37	1726.37	1726.37	1726.37	1726.37	1726.37	1726.37	1726.37	1726.37	1726.37	1726.37	1726.37	1726.37	1726.37	1726.37	1726.37	1726.37	1726.37	1726.37	1726.37	1726.37	1726.37	1726.37	1726.37	1726.37	1726.37	5802.53	1726.37	1726.37	1726.37	1726.37	1726.37	1726.37	1726.37	1726.37	1726.37	1726.37	1726.37	1726.37	1726.37	1726.37	1726.37	1726.37	1726.37	1726.37	1726.37	1726.37	1726.37	1726.37	1726.37	1726.37	1726.37	1726.37	1726.37	1726.37	1726.37	5802.53	1726.37	1726.37	1726.37	1726.37	1726.37	1726.37	1726.37	1726.37	1726.37	1726.37	1726.37	1726.37	1726.37	1726.37	1726.37	1726.37	1726.37	1726.37	1726.37	1726.37	1726.37	1726.37	1726.37	1726.37	1726.37	1726.37	1726.37	1726.37	1726.37	5802.53	1726.37	1726.37	1726.37	1726.37	1726.37	1726.37	1726.37	1726.37	1726.37	1726.37	1726.37	1726.37	1726.37	1726.37	1726.37	1726.37	1726.37	1726.37	1726.37	1726.37	1726.37	1726.37	1726.37	1726.37	1726.37	1726.37	1726.37	1726.37	1726.37	5802.53	1726.37	1726.37	1726.37	1726.37	1726.37	1726.37	1726.37	1726.37	1726.37	1726.37	1726.37	1726.37	1726.37	1726.37	1726.37	1726.37	1726.37	1726.37	1726.37	1726.37	1726.37	1726.37	1726.37	1726.37	1726.37	1726.37	1726.37	1726.37	1726.37	5802.53	1726.37	1726.37	1726.37	1726.37	1726.37	1726.37	1726.37	1726.37	1726.37	1726.37	1726.37	1726.37	1726.37	1726.37	1726.37	1726.37	1726.37	1726.37	1726.37	1726.37	1726.37	1726.37	1726.37	1726.37	1726.37	1726.37	1726.37	1726.37	1726.37	5802.53	1726.37	1726.37	1726.37	1726.37	1726.37	1726.37	1726.37	1726.37	1726.37	1726.37	1726.37	1726.37	1726.37	1726.37	1726.37	1726.37	1726.37	1726.37	1726.37	1726.37	1726.37	1726.37	1726.37	1726.37	1726.37	1726.37	1726.37	1726.37	1726.37	5802.53	1726.37	1726.37	1726.37	1726.37	1726.37	1726.37	1726.37	1726.37	1726.37	1726.37	1726.37	1726.37	1726.37	1726.37	1726.37	1726.37	1726.37	1726.37	1726.37	1726.37	1726.37	1726.37	1726.37	1726.37	1726.37	1726.37	1726.37	1726.37	1726.37	5802.53	1726.37	1726.37	1726.37	1726.37	1726.37	1726.37	1726.37	1726.37	1726.37	1726.37	1726.37	1726.37	1726.37	1726.37	1726.37	1726.37	1726.37	1726.37	1726.37	1726.37	1726.37	1726.37	1726.37	1726.37	1726.37	1726.37	1726.37	1726.37	1726.37	5802.53	1726.37	1726.37	1726.37	1726.37	1726.37	1726.37	1726.37	1726.37	1726.37	1726.37	1726.37	1726.37	1726.37	1726.37	1726.37	1726.37	1726.37	1726.37	1726.37	1726.37	1726.37	1726.37	1726.37	1726.37	1726.37	1726.37	1726.37	1726.37	1726.37	5802.53	1726.37	1726.37	1726.37	1726.37	1726.37	1726.37	1726.37	1726.37	1726.37	1726.37	1726.37	1726.37	1726.37	1726.37	1726.37	1726.37	1726.37	1726.37	1726.37	1726.37	1726.37	1726.37	1726.37	1726.37	1726.37	1726.37	1726.37	1726.37	1726.37	5802.53	1726.37	1726.37	1726.37	1726.37	1726.37	1726.37	1726.37	1726.37	1726.37	1726.37	1726.37	1726.37	1726.37	1726.37	1726.37	1726.37	1726.37	1726.37	1726.37	1726.37	1726.37	1726.37	1726.37	1726.37	1726.37	1726.37	1726.37	1726.37	1726.37	5802.53	5802.53	5802.53	5802.53	5802.53	5802.53	5802.53	5802.53	5802.53	5802.53	5802.53	5802.53	5802.53	5802.53	5802.53	5802.53	5802.53	5802.53	5802.53	5802.53	5802.53	5802.53	5802.53	5802.53	5802.53	5802.53	5802.53	5802.53	5802.53	5802.53	37596.5
30	30	1	1
1673.88	1673.88	1673.88	1673.88	1673.88	1673.88	1673.88	1673.88	1673.88	1673.88	1673.88	1673.88	1673.88	1673.88	1673.88	1673.88	1673.88	1673.88	1673.88	1673.88	1673.88	1673.88	1673.88	1673.88	1673.88	1673.88	1673.88	1673.88	1673.88	5626.11	1673.88	1673.88	1673.88	1673.88	1673.88	1673.88	1673.88	1673.88	1673.88	1673.88	1673.88	1673.88	1673.88	1673.88	1673.88	1673.88	1673.88	1673.88	1673.88	1673.88	1673.88	1673.88	1673.88	1673.88	1673.88	1673.88	1673.88	1673.88	1673.88	5626.11	1673.88	1673.88	1673.88	1673.88	1673.88	1673.88	1673.88	1673.88	1673.88	1673.88	1673.88	1673.88	1673.88	1673.88	1673.88	1673.88	1673.88	1673.88	1673.88	1673.88	1673.88	1673.88	1673.88	1673.88	1673.88	1673.88	1673.88	1673.88	1673.88	5626.11	1673.88	1673.88	1673.88	1673.88	1673.88	1673.88	1673.88	1673.88	1673.88	1673.88	1673.88	1673.88	1673.88	1673.88	1673.88	1673.88	1673.88	1673.88	1673.88	1673.88	1673.88	1673.88	1673.88	1673.88	1673.88	1673.88	1673.88	1673.88	1673.88	5626.11	1673.88	1673.88	1673.88	1673.88	1673.88	1673.88	1673.88	1673.88	1673.88	1673.88	1673.88	1673.88	1673.88	1673.88	1673.88	1673.88	1673.88	1673.88	1673.88	1673.88	1673.88	1673.88	1673.88	1673.88	1673.88	1673.88	1673.88	1673.88	1673.88	5626.11	1673.88	1673.88	1673.88	1673.88	1673.88	1673.88	1673.88	1673.88	1673.88	1673.88	1673.88	1673.88	1673.88	1673.88	1673.88	1673.88	1673.88	1673.88	1673.88	1673.88	1673.88	1673.88	1673.88	1673.88	1673.88	1673.88	1673.88	1673.88	1673.88	5626.11	1673.88	1673.88	1673.88	1673.88	1673.88	1673.88	1673.88	1673.88	1673.88	1673.88	1673.88	1673.88	1673.88	1673.88	1673.88	1673.88	1673.88	1673.88	1673.88	1673.88	1673.88	1673.88	1673.88	1673.88	1673.88	1673.88	1673.88	1673.88	1673.88	5626.11	1673.88	1673.88	1673.88	1673.88	1673.88	1673.88	1673.88	1673.88	1673.88	1673.88	1673.88	1673.88	1673.88	1673.88	1673.88	1673.88	1673.88	1673.88	1673.88	1673.88	1673.88	1673.88	1673.88	1673.88	1673.88	1673.88	1673.88	1673.88	1673.88	5626.11	1673.88	1673.88	1673.88	1673.88	1673.88	1673.88	1673.88	1673.88	1673.88	1673.88	1673.88	1673.88	1673.88	1673.88	1673.88	1673.88	1673.88	1673.88	1673.88	1673.88	1673.88	1673.88	1673.88	1673.88	1673.88	1673.88	1673.88	1673.88	1673.88	5626.11	1673.88	1673.88	1673.88	1673.88	1673.88	1673.88	1673.88	1673.88	1673.88	1673.88	1673.88	1673.88	1673.88	1673.88	1673.88	1673.88	1673.88	1673.88	1673.88	1673.88	1673.88	1673.88	1673.88	1673.88	1673.88	1673.88	1673.88	1673.88	1673.88	5626.11	1673.88	1673.88	1673.88	1673.88	1673.88	1673.88	1673.88	1673.88	1673.88	1673.88	1673.88	1673.88	1673.88	1673.88	1673.88	1673.88	1673.88	1673.88	1673.88	1673.88	1673.88	1673.88	1673.88	1673.88	1673.88	1673.88	1673.88	1673.88	1673.88	5626.11	1673.88	1673.88	1673.88	1673.88	1673.88	1673.88	1673.88	1673.88	1673.88	1673.88	1673.88	1673.88	1673.88	1673.88	1673.88	1673.88	1673.88	1673.88	1673.88	1673.88	1673.88	1673.88	1673.88	1673.88	1673.88	1673.88	1673.88	1673.88	1673.88	5626.11	1673.88	1673.88	1673.88	1673.88	1673.88	1673.88	1673.88	1673.88	1673.88	1673.88	1673.88	1673.88	1673.88	1673.88	1673.88	1673.88	1673.88	1673.88	1673.88	1673.88	1673.88	1673.88	1673.88	1673.88	1673.88	1673.88	1673.88	1673.88	1673.88	5626.11	1673.88	1673.88	1673.88	1673.88	1673.88	1673.88	1673.88	1673.88	1673.88	1673.88	1673.88	1673.88	1673.88	1673.88	1673.88	1673.88	1673.88	1673.88	1673.88	1673.88	1673.88	1673.88	1673.88	1673.88	1673.88	1673.88	1673.88	1673.88	1673.88	5626.11	1673.88	1673.88	1673.88	1673.88	1673.88	1673.88	1673.88	1673.88	1673.88	1673.88	1673.88	1673.88	1673.88	1673.88	1673.88	1673.88	1673.88	1673.88	1673.88	1673.88	1673.88	1673.88	1673.88	1673.88	1673.88	1673.88	1673.88	1673.88	1673.88	5626.11	1673.88	1673.88	1673.88	1673.88	1673.88	1673.88	1673.88	1673.88	1673.88	1673.88	1673.88	1673.88	1673.88	1673.88	1673.88	1673.88	1673.88	1673.88	1673.88	1673.88	1673.88	1673.88	1673.88	1673.88	1673.88	1673.88	1673.88	1673.88	1673.88	5626.11	1673.88	1673.88	1673.88	1673.88	1673.88	1673.88	1673.88	1673.88	1673.88	1673.88	1673.88	1673.88	1673.88	1673.88	1673.88	1673.88	1673.88	1673.88	1673.88	1673.88	1673.88	1673.88	1673.88	1673.88	1673.88	1673.88	1673.88	1673.88	1673.88	5626.11	1673.88	1673.88	1673.88	1673.88	1673.88	1673.88	1673.88	1673.88	1673.88	1673.88	1673.88	1673.88	1673.88	1673.88	1673.88	1673.88	1673.88	1673.88	1673.88	1673.88	1673.88	1673.88	1673.88	1673.88	1673.88	1673.88	1673.88	1673.88	1673.88	5626.11	1673.88	1673.88	1673.88	1673.88	1673.88	1673.88	1673.88	1673.88	1673.88	1673.88	1673.88	1673.88	1673.88	1673.88	1673.88	1673.88	1673.88	1673.88	1673.88	1673.88	1673.88	1673.88	1673.88	1673.88	1673.88	1673.88	1673.88	1673.88	1673.88	5626.11	1673.88	1673.88	1673.88	1673.88	1673.88	1673.88	1673.88	1673.88	1673.88	1673.88	1673.88	1673.88	1673.88	1673.88	1673.88	1673.88	1673.88	1673.88	1673.88	1673.88	1673.88	1673.88	1673.88	1673.88	1673.88	1673.88	1673.88	1673.88	1673.88	5626.11	1673.88	1673.88	1673.88	1673.88	1673.88	1673.88	1673.88	1673.88	1673.88	1673.88	1673.88	1673.88	1673.88	1673.88	1673.88	1673.88	1673.88	1673.88	1673.88	1673.88	1673.88	1673.88	1673.88	1673.88	1673.88	1673.88	1673.88	1673.88	1673.88	5626.11	1673.88	1673.88	1673.88	1673.88	1673.88	1673.88	1673.88	1673.88	1673.88	1673.88	1673.88	1673.88	1673.88	1673.88	1673.88	1673.88	1673.88	1673.88	1673.88	1673.88	1673.88	1673.88	1673.88	1673.88	1673.88	1673.88	1673.88	1673.88	1673.88	5626.11	1673.88	1673.88	1673.88	1673.88	1673.88	1673.88	1673.88	1673.88	1673.88	1673.88	1673.88	1673.88	1673.88	1673.88	1673.88	1673.88	1673.88	1673.88	1673.88	1673.88	1673.88	1673.88	1673.88	1673.88	1673.88	1673.88	1673.88	1673.88	1673.88	5626.11	1673.88	1673.88	1673.88	1673.88	1673.88	1673.88	1673.88	1673.88	1673.88	1673.88	1673.88	1673.88	1673.88	1673.88	1673.88	1673.88	1673.88	1673.88	1673.88	1673.88	1673.88	1673.88	1673.88	1673.88	1673.88	1673.88	1673.88	1673.88	1673.88	5626.11	1673.88	1673.88	1673.88	1673.88	1673.88	1673.88	1673.88	1673.88	1673.88	1673.88	1673.88	1673.88	1673.88	1673.88	1673.88	1673.88	1673.88	1673.88	1673.88	1673.88	1673.88	1673.88	1673.88	1673.88	1673.88	1673.88	1673.88	1673.88	1673.88	5626.11	1673.88	1673.88	1673.88	1673.88	1673.88	1673.88	1673.88	1673.88	1673.88	1673.88	1673.88	1673.88	1673.88	1673.88	1673.88	1673.88	1673.88	1673.88	1673.88	1673.88	1673.88	1673.88	1673.88	1673.88	1673.88	1673.88	1673.88	1673.88	1673.88	5626.11	1673.88	1673.88	1673.88	1673.88	1673.88	1673.88	1673.88	1673.88	1673.88	1673.88	1673.88	1673.88	1673.88	1673.88	1673.88	1673.88	1673.88	1673.88	1673.88	1673.88	1673.88	1673.88	1673.88	1673.88	1673.88	1673.88	1673.88	1673.88	1673.88	5626.11	1673.88	1673.88	1673.88	1673.88	1673.88	1673.88	1673.88	1673.88	1673.88	1673.88	1673.88	1673.88	1673.88	1673.88	1673.88	1673.88	1673.88	1673.88	1673.88	1673.88	1673.88	1673.88	1673.88	1673.88	1673.88	1673.88	1673.88	1673.88	1673.88	5626.11	1673.88	1673.88	1673.88	1673.88	1673.88	1673.88	1673.88	1673.88	1673.88	1673.88	1673.88	1673.88	1673.88	1673.88	1673.88	1673.88	1673.88	1673.88	1673.88	1673.88	1673.88	1673.88	1673.88	1673.88	1673.88	1673.88	1673.88	1673.88	1673.88	5626.11	5626.11	5626.11	5626.11	5626.11	5626.11	5626.11	5626.11	5626.11	5626.11	5626.11	5626.11	5626.11	5626.11	5626.11	5626.11	5626.11	5626.11	5626.11	5626.11	5626.11	5626.11	5626.11	5626.11	5626.11	5626.11	5626.11	5626.11	5626.11	5626.11	36453.5
30	30	1	1
1632.01	1632.01	1632.01	1632.01	1632.01	1632.01	1632.01	1632.01	1632.01	1632.01	1632.01	1632.01	1632.01	1632.01	1632.01	1632.01	1632.01	1632.01	1632.01	1632.01	1632.01	1632.01	1632.01	1632.01	1632.01	1632.01	1632.01	1632.01	1632.01	5485.37	1632.01	1632.01	1632.01	1632.01	1632.01	1632.01	1632.01	1632.01	1632.01	1632.01	1632.01	1632.01	1632.01	1632.01	1632.01	1632.01	1632.01	1632.01	1632.01	1632.01	1632.01	1632.01	1632.01	1632.01	1632.01	1632.01	1632.01	1632.01	1632.01	5485.37	1632.01	1632.01	1632.01	1632.01	1632.01	1632.01	1632.01	1632.01	1632.01	1632.01	1632.01	1632.01	1632.01	1632.01	1632.01	1632.01	1632.01	1632.01	1632.01	1632.01	1632.01	1632.01	1632.01	1632.01	1632.01	1632.01	1632.01	1632.01	1632.01	5485.37	1632.01	1632.01	1632.01	1632.01	1632.01	1632.01	1632.01	1632.01	1632.01	1632.01	1632.01	1632.01	1632.01	1632.01	1632.01	1632.01	1632.01	1632.01	1632.01	1632.01	1632.01	1632.01	1632.01	1632.01	1632.01	1632.01	1632.01	1632.01	1632.01	5485.37	1632.01	1632.01	1632.01	1632.01	1632.01	1632.01	1632.01	1632.01	1632.01	1632.01	1632.01	1632.01	1632.01	1632.01	1632.01	1632.01	1632.01	1632.01	1632.01	1632.01	1632.01	1632.01	1632.01	1632.01	1632.01	1632.01	1632.01	1632.01	1632.01	5485.37	1632.01	1632.01	1632.01	1632.01	1632.01	1632.01	1632.01	1632.01	1632.01	1632.01	1632.01	1632.01	1632.01	1632.01	1632.01	1632.01	1632.01	1632.01	1632.01	1632.01	1632.01	1632.01	1632.01	1632.01	1632.01	1632.01	1632.01	1632.01	1632.01	5485.37	1632.01	1632.01	1632.01	1632.01	1632.01	1632.01	1632.01	1632.01	1632.01	1632.01	1632.01	1632.01	1632.01	1632.01	1632.01	1632.01	1632.01	1632.01	1632.01	1632.01	1632.01	1632.01	1632.01	1632.01	1632.01	1632.01	1632.01	1632.01	1632.01	5485.37	1632.01	1632.01	1632.01	1632.01	1632.01	1632.01	1632.01	1632.01	1632.01	1632.01	1632.01	1632.01	1632.01	1632.01	1632.01	1632.01	1632.01	1632.01	1632.01	1632.01	1632.01	1632.01	1632.01	1632.01	1632.01	1632.01	1632.01	1632.01	1632.01	5485.37	1632.01	1632.01	1632.01	1632.01	1632.01	1632.01	1632.01	1632.01	1632.01	1632.01	1632.01	1632.01	1632.01	1632.01	1632.01	1632.01	1632.01	1632.01	1632.01	1632.01	1632.01	1632.01	1632.01	1632.01	1632.01	1632.01	1632.01	1632.01	1632.01	5485.37	1632.01	1632.01	1632.01	1632.01	1632.01	1632.01	1632.01	1632.01	1632.01	1632.01	1632.01	1632.01	1632.01	1632.01	1632.01	1632.01	1632.01	1632.01	1632.01	1632.01	1632.01	1632.01	1632.01	1632.01	1632.01	1632.01	1632.01	1632.01	1632.01	5485.37	1632.01	1632.01	1632.01	1632.01	1632.01	1632.01	1632.01	1632.01	1632.01	1632.01	1632.01	1632.01	1632.01	1632.01	1632.01	1632.01	1632.01	1632.01	1632.01	1632.01	1632.01	1632.01	1632.01	1632.01	1632.01	1632.01	1632.01	1632.01	1632.01	5485.37	1632.01	1632.01	1632.01	1632.01	1632.01	1632.01	1632.01	1632.01	1632.01	1632.01	1632.01	1632.01	1632.01	1632.01	1632.01	1632.01	1632.01	1632.01	1632.01	1632.01	1632.01	1632.01	1632.01	1632.01	1632.01	1632.01	1632.01	1632.01	1632.01	5485.37	1632.01	1632.01	1632.01	1632.01	1632.01	1632.01	1632.01	1632.01	1632.01	1632.01	1632.01	1632.01	1632.01	1632.01	1632.01	1632.01	1632.01	1632.01	1632.01	1632.01	1632.01	1632.01	1632.01	1632.01	1632.01	1632.01	1632.01	1632.01	1632.01	5485.37	1632.01	1632.01	1632.01	1632.01	1632.01	1632.01	1632.01	1632.01	1632.01	1632.01	1632.01	1632.01	1632.01	1632.01	1632.01	1632.01	1632.01	1632.01	1632.01	1632.01	1632.01	1632.01	1632.01	1632.01	1632.01	1632.01	1632.01	1632.01	1632.01	5485.37	1632.01	1632.01	1632.01	1632.01	1632.01	1632.01	1632.01	1632.01	1632.01	1632.01	1632.01	1632.01	1632.01	1632.01	1632.01	1632.01	1632.01	1632.01	1632.01	1632.01	1632.01	1632.01	1632.01	1632.01	1632.01	1632.01	1632.01	1632.01	1632.01	5485.37	1632.01	1632.01	1632.01	1632.01	1632.01	1632.01	1632.01	1632.01	1632.01	1632.01	1632.01	1632.01	1632.01	1632.01	1632.01	1632.01	1632.01	1632.01	1632.01	1632.01	1632.01	1632.01	1632.01	1632.01	1632.01	1632.01	1632.01	1632.01	1632.01	5485.37	1632.01	1632.01	1632.01	1632.01	1632.01	1632.01	1632.01	1632.01	1632.01	1632.01	1632.01	1632.01	1632.01	1632.01	1632.01	1632.01	1632.01	1632.01	1632.01	1632.01	1632.01	1632.01	1632.01	1632.01	1632.01	1632.01	1632.01	1632.01	1632.01	5485.37	1632.01	1632.01	1632.01	1632.01	1632.01	1632.01	1632.01	1632.01	1632.01	1632.01	1632.01	1632.01	1632.01	1632.01	1632.01	1632.01	1632.01	1632.01	1632.01	1632.01	1632.01	1632.01	1632.01	1632.01	1632.01	1632.01	1632.01	1632.01	1632.01	5485.37	1632.01	1632.01	1632.01	1632.01	1632.01	1632.01	1632.01	1632.01	1632.01	1632.01	1632.01	1632.01	1632.01	1632.01	1632.01	1632.01	1632.01	1632.01	1632.01	1632.01	1632.01	1632.01	1632.01	1632.01	1632.01	1632.01	1632.01	1632.01	1632.01	5485.37	1632.01	1632.01	1632.01	1632.01	1632.01	1632.01	1632.01	1632.01	1632.01	1632.01	1632.01	1632.01	1632.01	1632.01	1632.01	1632.01	1632.01	1632.01	1632.01	1632.01	1632.01	1632.01	1632.01	1632.01	1632.01	1632.01	1632.01	1632.01	1632.01	5485.37	1632.01	1632.01	1632.01	1632.01	1632.01	1632.01	1632.01	1632.01	1632.01	1632.01	1632.01	1632.01	1632.01	1632.01	1632.01	1632.01	1632.01	1632.01	1632.01	1632.01	1632.01	1632.01	1632.01	1632.01	1632.01	1632.01	1632.01	1632.01	1632.01	5485.37	1632.01	1632.01	1632.01	1632.01	1632.01	1632.01	1632.01	1632.01	1632.01	1632.01	1632.01	1632.01	1632.01	1632.01	1632.01	1632.01	1632.01	1632.01	1632.01	1632.01	1632.01	1632.01	1632.01	1632.01	1632.01	1632.01	1632.01	1632.01	1632.01	5485.37	1632.01	1632.01	1632.01	1632.01	1632.01	1632.01	1632.01	1632.01	1632.01	1632.01	1632.01	1632.01	1632.01	1632.01	1632.01	1632.01	1632.01	1632.01	1632.01	1632.01	1632.01	1632.01	1632.01	1632.01	1632.01	1632.01	1632.01	1632.01	1632.01	5485.37	1632.01	1632.01	1632.01	1632.01	1632.01	1632.01	1632.01	1632.01	1632.01	1632.01	1632.01	1632.01	1632.01	1632.01	1632.01	1632.01	1632.01	1632.01	1632.01	1632.01	1632.01	1632.01	1632.01	1632.01	1632.01	1632.01	1632.01	1632.01	1632.01	5485.37	1632.01	1632.01	1632.01	1632.01	1632.01	1632.01	1632.01	1632.01	1632.01	1632.01	1632.01	1632.01	1632.01	1632.01	1632.01	1632.01	1632.01	1632.01	1632.01	1632.01	1632.01	1632.01	1632.01	1632.01	1632.01	1632.01	1632.01	1632.01	1632.01	5485.37	1632.01	1632.01	1632.01	1632.01	1632.01	1632.01	1632.01	1632.01	1632.01	1632.01	1632.01	1632.01	1632.01	1632.01	1632.01	1632.01	1632.01	1632.01	1632.01	1632.01	1632.01	1632.01	1632.01	1632.01	1632.01	1632.01	1632.01	1632.01	1632.01	5485.37	1632.01	1632.01	1632.01	1632.01	1632.01	1632.01	1632.01	1632.01	1632.01	1632.01	1632.01	1632.01	1632.01	1632.01	1632.01	1632.01	1632.01	1632.01	1632.01	1632.01	1632.01	1632.01	1632.01	1632.01	1632.01	1632.01	1632.01	1632.01	1632.01	5485.37	1632.01	1632.01	1632.01	1632.01	1632.01	1632.01	1632.01	1632.01	1632.01	1632.01	1632.01	1632.01	1632.01	1632.01	1632.01	1632.01	1632.01	1632.01	1632.01	1632.01	1632.01	1632.01	1632.01	1632.01	1632.01	1632.01	1632.01	1632.01	1632.01	5485.37	1632.01	1632.01	1632.01	1632.01	1632.01	1632.01	1632.01	1632.01	1632.01	1632.01	1632.01	1632.01	1632.01	1632.01	1632.01	1632.01	1632.01	1632.01	1632.01	1632.01	1632.01	1632.01	1632.01	1632.01	1632.01	1632.01	1632.01	1632.01	1632.01	5485.37	5485.37	5485.37	5485.37	5485.37	5485.37	5485.37	5485.37	5485.37	5485.37	5485.37	5485.37	5485.37	5485.37	5485.37	5485.37	5485.37	5485.37	5485.37	5485.37	5485.37	5485.37	5485.37	5485.37	5485.37	5485.37	5485.37	5485.37	5485.37	5485.37	35541.6
30	30	1	1
1581.8	1581.8	1581.8	1581.8	1581.8	1581.8	1581.8	1581.8	1581.8	1581.8	1581.8	1581.8	1581.8	1581.8	1581.8	1581.8	1581.8	1581.8	1581.8	1581.8	1581.8	1581.8	1581.8	1581.8	1581.8	1581.8	1581.8	1581.8	1581.8	5316.59	1581.8	1581.8	1581.8	1581.8	1581.8	1581.8	1581.8	1581.8	1581.8	1581.8	1581.8	1581.8	1581.8	1581.8	1581.8	1581.8	1581.8	1581.8	1581.8	1581.8	1581.8	1581.8	1581.8	1581.8	1581.8	1581.8	1581.8	1581.8	1581.8	5316.59	1581.8	1581.8	1581.8	1581.8	1581.8	1581.8	1581.8	1581.8	1581.8	1581.8	1581.8	1581.8	1581.8	1581.8	1581.8	1581.8	1581.8	1581.8	1581.8	1581.8	1581.8	1581.8	1581.8	1581.8	1581.8	1581.8	1581.8	1581.8	1581.8	5316.59	1581.8	1581.8	1581.8	1581.8	1581.8	1581.8	1581.8	1581.8	1581.8	1581.8	1581.8	1581.8	1581.8	1581.8	1581.8	1581.8	1581.8	1581.8	1581.8	1581.8	1581.8	1581.8	1581.8	1581.8	1581.8	1581.8	1581.8	1581.8	1581.8	5316.59	1581.8	1581.8	1581.8	1581.8	1581.8	1581.8	1581.8	1581.8	1581.8	1581.8	1581.8	1581.8	1581.8	1581.8	1581.8	1581.8	1581.8	1581.8	1581.8	1581.8	1581.8	1581.8	1581.8	1581.8	1581.8	1581.8	1581.8	1581.8	1581.8	5316.59	1581.8	1581.8	1581.8	1581.8	1581.8	1581.8	1581.8	1581.8	1581.8	1581.8	1581.8	1581.8	1581.8	1581.8	1581.8	1581.8	1581.8	1581.8	1581.8	1581.8	1581.8	1581.8	1581.8	1581.8	1581.8	1581.8	1581.8	1581.8	1581.8	5316.59	1581.8	1581.8	1581.8	1581.8	1581.8	1581.8	1581.8	1581.8	1581.8	1581.8	1581.8	1581.8	1581.8	1581.8	1581.8	1581.8	1581.8	1581.8	1581.8	1581.8	1581.8	1581.8	1581.8	1581.8	1581.8	1581.8	1581.8	1581.8	1581.8	5316.59	1581.8	1581.8	1581.8	1581.8	1581.8	1581.8	1581.8	1581.8	1581.8	1581.8	1581.8	1581.8	1581.8	1581.8	1581.8	1581.8	1581.8	1581.8	1581.8	1581.8	1581.8	1581.8	1581.8	1581.8	1581.8	1581.8	1581.8	1581.8	1581.8	5316.59	1581.8	1581.8	1581.8	1581.8	1581.8	1581.8	1581.8	1581.8	1581.8	1581.8	1581.8	1581.8	1581.8	1581.8	1581.8	1581.8	1581.8	1581.8	1581.8	1581.8	1581.8	1581.8	1581.8	1581.8	1581.8	1581.8	1581.8	1581.8	1581.8	5316.59	1581.8	1581.8	1581.8	1581.8	1581.8	1581.8	1581.8	1581.8	1581.8	1581.8	1581.8	1581.8	1581.8	1581.8	1581.8	1581.8	1581.8	1581.8	1581.8	1581.8	1581.8	1581.8	1581.8	1581.8	1581.8	1581.8	1581.8	1581.8	1581.8	5316.59	1581.8	1581.8	1581.8	1581.8	1581.8	1581.8	1581.8	1581.8	1581.8	1581.8	1581.8	1581.8	1581.8	1581.8	1581.8	1581.8	1581.8	1581.8	1581.8	1581.8	1581.8	1581.8	1581.8	1581.8	1581.8	1581.8	1581.8	1581.8	1581.8	5316.59	1581.8	1581.8	1581.8	1581.8	1581.8	1581.8	1581.8	1581.8	1581.8	1581.8	1581.8	1581.8	1581.8	1581.8	1581.8	1581.8	1581.8	1581.8	1581.8	1581.8	1581.8	1581.8	1581.8	1581.8	1581.8	1581.8	1581.8	1581.8	1581.8	5316.59	1581.8	1581.8	1581.8	1581.8	1581.8	1581.8	1581.8	1581.8	1581.8	1581.8	1581.8	1581.8	1581.8	1581.8	1581.8	1581.8	1581.8	1581.8	1581.8	1581.8	1581.8	1581.8	1581.8	1581.8	1581.8	1581.8	1581.8	1581.8	1581.8	5316.59	1581.8	1581.8	1581.8	1581.8	1581.8	1581.8	1581.8	1581.8	1581.8	1581.8	1581.8	1581.8	1581.8	1581.8	1581.8	1581.8	1581.8	1581.8	1581.8	1581.8	1581.8	1581.8	1581.8	1581.8	1581.8	1581.8	1581.8	1581.8	1581.8	5316.59	1581.8	1581.8	1581.8	1581.8	1581.8	1581.8	1581.8	1581.8	1581.8	1581.8	1581.8	1581.8	1581.8	1581.8	1581.8	1581.8	1581.8	1581.8	1581.8	1581.8	1581.8	1581.8	1581.8	1581.8	1581.8	1581.8	1581.8	1581.8	1581.8	5316.59	1581.8	1581.8	1581.8	1581.8	1581.8	1581.8	1581.8	1581.8	1581.8	1581.8	1581.8	1581.8	1581.8	1581.8	1581.8	1581.8	1581.8	1581.8	1581.8	1581.8	1581.8	1581.8	1581.8	1581.8	1581.8	1581.8	1581.8	1581.8	1581.8	5316.59	1581.8	1581.8	1581.8	1581.8	1581.8	1581.8	1581.8	1581.8	1581.8	1581.8	1581.8	1581.8	1581.8	1581.8	1581.8	1581.8	1581.8	1581.8	1581.8	1581.8	1581.8	1581.8	1581.8	1581.8	1581.8	1581.8	1581.8	1581.8	1581.8	5316.59	1581.8	1581.8	1581.8	1581.8	1581.8	1581.8	1581.8	1581.8	1581.8	1581.8	1581.8	1581.8	1581.8	1581.8	1581.8	1581.8	1581.8	1581.8	1581.8	1581.8	1581.8	1581.8	1581.8	1581.8	1581.8	1581.8	1581.8	1581.8	1581.8	5316.59	1581.8	1581.8	1581.8	1581.8	1581.8	1581.8	1581.8	1581.8	1581.8	1581.8	1581.8	1581.8	1581.8	1581.8	1581.8	1581.8	1581.8	1581.8	1581.8	1581.8	1581.8	1581.8	1581.8	1581.8	1581.8	1581.8	1581.8	1581.8	1581.8	5316.59	1581.8	1581.8	1581.8	1581.8	1581.8	1581.8	1581.8	1581.8	1581.8	1581.8	1581.8	1581.8	1581.8	1581.8	1581.8	1581.8	1581.8	1581.8	1581.8	1581.8	1581.8	1581.8	1581.8	1581.8	1581.8	1581.8	1581.8	1581.8	1581.8	5316.59	1581.8	1581.8	1581.8	1581.8	1581.8	1581.8	1581.8	1581.8	1581.8	1581.8	1581.8	1581.8	1581.8	1581.8	1581.8	1581.8	1581.8	1581.8	1581.8	1581.8	1581.8	1581.8	1581.8	1581.8	1581.8	1581.8	1581.8	1581.8	1581.8	5316.59	1581.8	1581.8	1581.8	1581.8	1581.8	1581.8	1581.8	1581.8	1581.8	1581.8	1581.8	1581.8	1581.8	1581.8	1581.8	1581.8	1581.8	1581.8	1581.8	1581.8	1581.8	1581.8	1581.8	1581.8	1581.8	1581.8	1581.8	1581.8	1581.8	5316.59	1581.8	1581.8	1581.8	1581.8	1581.8	1581.8	1581.8	1581.8	1581.8	1581.8	1581.8	1581.8	1581.8	1581.8	1581.8	1581.8	1581.8	1581.8	1581.8	1581.8	1581.8	1581.8	1581.8	1581.8	1581.8	1581.8	1581.8	1581.8	1581.8	5316.59	1581.8	1581.8	1581.8	1581.8	1581.8	1581.8	1581.8	1581.8	1581.8	1581.8	1581.8	1581.8	1581.8	1581.8	1581.8	1581.8	1581.8	1581.8	1581.8	1581.8	1581.8	1581.8	1581.8	1581.8	1581.8	1581.8	1581.8	1581.8	1581.8	5316.59	1581.8	1581.8	1581.8	1581.8	1581.8	1581.8	1581.8	1581.8	1581.8	1581.8	1581.8	1581.8	1581.8	1581.8	1581.8	1581.8	1581.8	1581.8	1581.8	1581.8	1581.8	1581.8	1581.8	1581.8	1581.8	1581.8	1581.8	1581.8	1581.8	5316.59	1581.8	1581.8	1581.8	1581.8	1581.8	1581.8	1581.8	1581.8	1581.8	1581.8	1581.8	1581.8	1581.8	1581.8	1581.8	1581.8	1581.8	1581.8	1581.8	1581.8	1581.8	1581.8	1581.8	1581.8	1581.8	1581.8	1581.8	1581.8	1581.8	5316.59	1581.8	1581.8	1581.8	1581.8	1581.8	1581.8	1581.8	1581.8	1581.8	1581.8	1581.8	1581.8	1581.8	1581.8	1581.8	1581.8	1581.8	1581.8	1581.8	1581.8	1581.8	1581.8	1581.8	1581.8	1581.8	1581.8	1581.8	1581.8	1581.8	5316.59	1581.8	1581.8	1581.8	1581.8	1581.8	1581.8	1581.8	1581.8	1581.8	1581.8	1581.8	1581.8	1581.8	1581.8	1581.8	1581.8	1581.8	1581.8	1581.8	1581.8	1581.8	1581.8	1581.8	1581.8	1581.8	1581.8	1581.8	1581.8	1581.8	5316.59	1581.8	1581.8	1581.8	1581.8	1581.8	1581.8	1581.8	1581.8	1581.8	1581.8	1581.8	1581.8	1581.8	1581.8	1581.8	1581.8	1581.8	1581.8	1581.8	1581.8	1581.8	1581.8	1581.8	1581.8	1581.8	1581.8	1581.8	1581.8	1581.8	5316.59	5316.59	5316.59	5316.59	5316.59	5316.59	5316.59	5316.59	5316.59	5316.59	5316.59	5316.59	5316.59	5316.59	5316.59	5316.59	5316.59	5316.59	5316.59	5316.59	5316.59	5316.59	5316.59	5316.59	5316.59	5316.59	5316.59	5316.59	5316.59	5316.59	34448
30	30	1	1
1537.05	1537.05	1537.05	1537.05	1537.05	1537.05	1537.05	1537.05	1537.05	1537.05	1537.05	1537.05	1537.05	1537.05	1537.05	1537.05	1537.05	1537.05	1537.05	1537.05	1537.05	1537.05	1537.05	1537.05	1537.05	1537.05	1537.05	1537.05	1537.05	5166.2	1537.05	1537.05	1537.05	1537.05	1537.05	1537.05	1537.05	1537.05	1537.05	1537.05	1537.05	1537.05	1537.05	1537.05	1537.05	1537.05	1537.05	1537.05	1537.05	1537.05	1537.05	1537.05	1537.05	1537.05	1537.05	1537.05	1537.05	1537.05	1537.05	5166.2	1537.05	1537.05	1537.05	1537.05	1537.05	1537.05	1537.05	1537.05	1537.05	1537.05	1537.05	1537.05	1537.05	1537.05	1537.05	1537.05	1537.05	1537.05	1537.05	1537.05	1537.05	1537.05	1537.05	1537.05	1537.05	1537.05	1537.05	1537.05	1537.05	5166.2	1537.05	1537.05	1537.05	1537.05	1537.05	1537.05	1537.05	1537.05	1537.05	1537.05	1537.05	1537.05	1537.05	1537.05	1537.05	1537.05	1537.05	1537.05	1537.05	1537.05	1537.05	1537.05	1537.05	1537.05	1537.05	1537.05	1537.05	1537.05	1537.05	5166.2	1537.05	1537.05	1537.05	1537.05	1537.05	1537.05	1537.05	1537.05	1537.05	1537.05	1537.05	1537.05	1537.05	1537.05	1537.05	1537.05	1537.05	1537.05	1537.05	1537.05	1537.05	1537.05	1537.05	1537.05	1537.05	1537.05	1537.05	1537.05	1537.05	5166.2	1537.05	1537.05	1537.05	1537.05	1537.05	1537.05	1537.05	1537.05	1537.05	1537.05	1537.05	1537.05	1537.05	1537.05	1537.05	1537.05	1537.05	1537.05	1537.05	1537.05	1537.05	1537.05	1537.05	1537.05	1537.05	1537.05	1537.05	1537.05	1537.05	5166.2	1537.05	1537.05	1537.05	1537.05	1537.05	1537.05	1537.05	1537.05	1537.05	1537.05	1537.05	1537.05	1537.05	1537.05	1537.05	1537.05	1537.05	1537.05	1537.05	1537.05	1537.05	1537.05	1537.05	1537.05	1537.05	1537.05	1537.05	1537.05	1537.05	5166.2	1537.05	1537.05	1537.05	1537.05	1537.05	1537.05	1537.05	1537.05	1537.05	1537.05	1537.05	1537.05	1537.05	1537.05	1537.05	1537.05	1537.05	1537.05	1537.05	1537.05	1537.05	1537.05	1537.05	1537.05	1537.05	1537.05	1537.05	1537.05	1537.05	5166.2	1537.05	1537.05	1537.05	1537.05	1537.05	1537.05	1537.05	1537.05	1537.05	1537.05	1537.05	1537.05	1537.05	1537.05	1537.05	1537.05	1537.05	1537.05	1537.05	1537.05	1537.05	1537.05	1537.05	1537.05	1537.05	1537.05	1537.05	1537.05	1537.05	5166.2	1537.05	1537.05	1537.05	1537.05	1537.05	1537.05	1537.05	1537.05	1537.05	1537.05	1537.05	1537.05	1537.05	1537.05	1537.05	1537.05	1537.05	1537.05	1537.05	1537.05	1537.05	1537.05	1537.05	1537.05	1537.05	1537.05	1537.05	1537.05	1537.05	5166.2	1537.05	1537.05	1537.05	1537.05	1537.05	1537.05	1537.05	1537.05	1537.05	1537.05	1537.05	1537.05	1537.05	1537.05	1537.05	1537.05	1537.05	1537.05	1537.05	1537.05	1537.05	1537.05	1537.05	1537.05	1537.05	1537.05	1537.05	1537.05	1537.05	5166.2	1537.05	1537.05	1537.05	1537.05	1537.05	1537.05	1537.05	1537.05	1537.05	1537.05	1537.05	1537.05	1537.05	1537.05	1537.05	1537.05	1537.05	1537.05	1537.05	1537.05	1537.05	1537.05	1537.05	1537.05	1537.05	1537.05	1537.05	1537.05	1537.05	5166.2	1537.05	1537.05	1537.05	1537.05	1537.05	1537.05	1537.05	1537.05	1537.05	1537.05	1537.05	1537.05	1537.05	1537.05	1537.05	1537.05	1537.05	1537.05	1537.05	1537.05	1537.05	1537.05	1537.05	1537.05	1537.05	1537.05	1537.05	1537.05	1537.05	5166.2	1537.05	1537.05	1537.05	1537.05	1537.05	1537.05	1537.05	1537.05	1537.05	1537.05	1537.05	1537.05	1537.05	1537.05	1537.05	1537.05	1537.05	1537.05	1537.05	1537.05	1537.05	1537.05	1537.05	1537.05	1537.05	1537.05	1537.05	1537.05	1537.05	5166.2	1537.05	1537.05	1537.05	1537.05	1537.05	1537.05	1537.05	1537.05	1537.05	1537.05	1537.05	1537.05	1537.05	1537.05	1537.05	1537.05	1537.05	1537.05	1537.05	1537.05	1537.05	1537.05	1537.05	1537.05	1537.05	1537.05	1537.05	1537.05	1537.05	5166.2	1537.05	1537.05	1537.05	1537.05	1537.05	1537.05	1537.05	1537.05	1537.05	1537.05	1537.05	1537.05	1537.05	1537.05	1537.05	1537.05	1537.05	1537.05	1537.05	1537.05	1537.05	1537.05	1537.05	1537.05	1537.05	1537.05	1537.05	1537.05	1537.05	5166.2	1537.05	1537.05	1537.05	1537.05	1537.05	1537.05	1537.05	1537.05	1537.05	1537.05	1537.05	1537.05	1537.05	1537.05	1537.05	1537.05	1537.05	1537.05	1537.05	1537.05	1537.05	1537.05	1537.05	1537.05	1537.05	1537.05	1537.05	1537.05	1537.05	5166.2	1537.05	1537.05	1537.05	1537.05	1537.05	1537.05	1537.05	1537.05	1537.05	1537.05	1537.05	1537.05	1537.05	1537.05	1537.05	1537.05	1537.05	1537.05	1537.05	1537.05	1537.05	1537.05	1537.05	1537.05	1537.05	1537.05	1537.05	1537.05	1537.05	5166.2	1537.05	1537.05	1537.05	1537.05	1537.05	1537.05	1537.05	1537.05	1537.05	1537.05	1537.05	1537.05	1537.05	1537.05	1537.05	1537.05	1537.05	1537.05	1537.05	1537.05	1537.05	1537.05	1537.05	1537.05	1537.05	1537.05	1537.05	1537.05	1537.05	5166.2	1537.05	1537.05	1537.05	1537.05	1537.05	1537.05	1537.05	1537.05	1537.05	1537.05	1537.05	1537.05	1537.05	1537.05	1537.05	1537.05	1537.05	1537.05	1537.05	1537.05	1537.05	1537.05	1537.05	1537.05	1537.05	1537.05	1537.05	1537.05	1537.05	5166.2	1537.05	1537.05	1537.05	1537.05	1537.05	1537.05	1537.05	1537.05	1537.05	1537.05	1537.05	1537.05	1537.05	1537.05	1537.05	1537.05	1537.05	1537.05	1537.05	1537.05	1537.05	1537.05	1537.05	1537.05	1537.05	1537.05	1537.05	1537.05	1537.05	5166.2	1537.05	1537.05	1537.05	1537.05	1537.05	1537.05	1537.05	1537.05	1537.05	1537.05	1537.05	1537.05	1537.05	1537.05	1537.05	1537.05	1537.05	1537.05	1537.05	1537.05	1537.05	1537.05	1537.05	1537.05	1537.05	1537.05	1537.05	1537.05	1537.05	5166.2	1537.05	1537.05	1537.05	1537.05	1537.05	1537.05	1537.05	1537.05	1537.05	1537.05	1537.05	1537.05	1537.05	1537.05	1537.05	1537.05	1537.05	1537.05	1537.05	1537.05	1537.05	1537.05	1537.05	1537.05	1537.05	1537.05	1537.05	1537.05	1537.05	5166.2	1537.05	1537.05	1537.05	1537.05	1537.05	1537.05	1537.05	1537.05	1537.05	1537.05	1537.05	1537.05	1537.05	1537.05	1537.05	1537.05	1537.05	1537.05	1537.05	1537.05	1537.05	1537.05	1537.05	1537.05	1537.05	1537.05	1537.05	1537.05	1537.05	5166.2	1537.05	1537.05	1537.05	1537.05	1537.05	1537.05	1537.05	1537.05	1537.05	1537.05	1537.05	1537.05	1537.05	1537.05	1537.05	1537.05	1537.05	1537.05	1537.05	1537.05	1537.05	1537.05	1537.05	1537.05	1537.05	1537.05	1537.05	1537.05	1537.05	5166.2	1537.05	1537.05	1537.05	1537.05	1537.05	1537.05	1537.05	1537.05	1537.05	1537.05	1537.05	1537.05	1537.05	1537.05	1537.05	1537.05	1537.05	1537.05	1537.05	1537.05	1537.05	1537.05	1537.05	1537.05	1537.05	1537.05	1537.05	1537.05	1537.05	5166.2	1537.05	1537.05	1537.05	1537.05	1537.05	1537.05	1537.05	1537.05	1537.05	1537.05	1537.05	1537.05	1537.05	1537.05	1537.05	1537.05	1537.05	1537.05	1537.05	1537.05	1537.05	1537.05	1537.05	1537.05	1537.05	1537.05	1537.05	1537.05	1537.05	5166.2	1537.05	1537.05	1537.05	1537.05	1537.05	1537.05	1537.05	1537.05	1537.05	1537.05	1537.05	1537.05	1537.05	1537.05	1537.05	1537.05	1537.05	1537.05	1537.05	1537.05	1537.05	1537.05	1537.05	1537.05	1537.05	1537.05	1537.05	1537.05	1537.05	5166.2	1537.05	1537.05	1537.05	1537.05	1537.05	1537.05	1537.05	1537.05	1537.05	1537.05	1537.05	1537.05	1537.05	1537.05	1537.05	1537.05	1537.05	1537.05	1537.05	1537.05	1537.05	1537.05	1537.05	1537.05	1537.05	1537.05	1537.05	1537.05	1537.05	5166.2	5166.2	5166.2	5166.2	5166.2	5166.2	5166.2	5166.2	5166.2	5166.2	5166.2	5166.2	5166.2	5166.2	5166.2	5166.2	5166.2	5166.2	5166.2	5166.2	5166.2	5166.2	5166.2	5166.2	5166.2	5166.2	5166.2	5166.2	5166.2	5166.2	33473.6
30	30	1	1
1487.35	1487.35	1487.35	1487.35	1487.35	1487.35	1487.35	1487.35	1487.35	1487.35	1487.35	1487.35	1487.35	1487.35	1487.35	1487.35	1487.35	1487.35	1487.35	1487.35	1487.35	1487.35	1487.35	1487.35	1487.35	1487.35	1487.35	1487.35	1487.35	4999.15	1487.35	1487.35	1487.35	1487.35	1487.35	1487.35	1487.35	1487.35	1487.35	1487.35	1487.35	1487.35	1487.35	1487.35	1487.35	1487.35	1487.35	1487.35	1487.35	1487.35	1487.35	1487.35	1487.35	1487.35	1487.35	1487.35	1487.35	1487.35	1487.35	4999.15	1487.35	1487.35	1487.35	1487.35	1487.35	1487.35	1487.35	1487.35	1487.35	1487.35	1487.35	1487.35	1487.35	1487.35	1487.35	1487.35	1487.35	1487.35	1487.35	1487.35	1487.35	1487.35	1487.35	1487.35	1487.35	1487.35	1487.35	1487.35	1487.35	4999.15	1487.35	1487.35	1487.35	1487.35	1487.35	1487.35	1487.35	1487.35	1487.35	1487.35	1487.35	1487.35	1487.35	1487.35	1487.35	1487.35	1487.35	1487.35	1487.35	1487.35	1487.35	1487.35	1487.35	1487.35	1487.35	1487.35	1487.35	1487.35	1487.35	4999.15	1487.35	1487.35	1487.35	1487.35	1487.35	1487.35	1487.35	1487.35	1487.35	1487.35	1487.35	1487.35	1487.35	1487.35	1487.35	1487.35	1487.35	1487.35	1487.35	1487.35	1487.35	1487.35	1487.35	1487.35	1487.35	1487.35	1487.35	1487.35	1487.35	4999.15	1487.35	1487.35	1487.35	1487.35	1487.35	1487.35	1487.35	1487.35	1487.35	1487.35	1487.35	1487.35	1487.35	1487.35	1487.35	1487.35	1487.35	1487.35	1487.35	1487.35	1487.35	1487.35	1487.35	1487.35	1487.35	1487.35	1487.35	1487.35	1487.35	4999.15	1487.35	1487.35	1487.35	1487.35	1487.35	1487.35	1487.35	1487.35	1487.35	1487.35	1487.35	1487.35	1487.35	1487.35	1487.35	1487.35	1487.35	1487.35	1487.35	1487.35	1487.35	1487.35	1487.35	1487.35	1487.35	1487.35	1487.35	1487.35	1487.35	4999.15	1487.35	1487.35	1487.35	1487.35	1487.35	1487.35	1487.35	1487.35	1487.35	1487.35	1487.35	1487.35	1487.35	1487.35	1487.35	1487.35	1487.35	1487.35	1487.35	1487.35	1487.35	1487.35	1487.35	1487.35	1487.35	1487.35	1487.35	1487.35	1487.35	4999.15	1487.35	1487.35	1487.35	1487.35	1487.35	1487.35	1487.35	1487.35	1487.35	1487.35	1487.35	1487.35	1487.35	1487.35	1487.35	1487.35	1487.35	1487.35	1487.35	1487.35	1487.35	1487.35	1487.35	1487.35	1487.35	1487.35	1487.35	1487.35	1487.35	4999.15	1487.35	1487.35	1487.35	1487.35	1487.35	1487.35	1487.35	1487.35	1487.35	1487.35	1487.35	1487.35	1487.35	1487.35	1487.35	1487.35	1487.35	1487.35	1487.35	1487.35	1487.35	1487.35	1487.35	1487.35	1487.35	1487.35	1487.35	1487.35	1487.35	4999.15	1487.35	1487.35	1487.35	1487.35	1487.35	1487.35	1487.35	1487.35	1487.35	1487.35	1487.35	1487.35	1487.35	1487.35	1487.35	1487.35	1487.35	1487.35	1487.35	1487.35	1487.35	1487.35	1487.35	1487.35	1487.35	1487.35	1487.35	1487.35	1487.35	4999.15	1487.35	1487.35	1487.35	1487.35	1487.35	1487.35	1487.35	1487.35	1487.35	1487.35	1487.35	1487.35	1487.35	1487.35	1487.35	1487.35	1487.35	1487.35	1487.35	1487.35	1487.35	1487.35	1487.35	1487.35	1487.35	1487.35	1487.35	1487.35	1487.35	4999.15	1487.35	1487.35	1487.35	1487.35	1487.35	1487.35	1487.35	1487.35	1487.35	1487.35	1487.35	1487.35	1487.35	1487.35	1487.35	1487.35	1487.35	1487.35	1487.35	1487.35	1487.35	1487.35	1487.35	1487.35	1487.35	1487.35	1487.35	1487.35	1487.35	4999.15	1487.35	1487.35	1487.35	1487.35	1487.35	1487.35	1487.35	1487.35	1487.35	1487.35	1487.35	1487.35	1487.35	1487.35	1487.35	1487.35	1487.35	1487.35	1487.35	1487.35	1487.35	1487.35	1487.35	1487.35	1487.35	1487.35	1487.35	1487.35	1487.35	4999.15	1487.35	1487.35	1487.35	1487.35	1487.35	1487.35	1487.35	1487.35	1487.35	1487.35	1487.35	1487.35	1487.35	1487.35	1487.35	1487.35	1487.35	1487.35	1487.35	1487.35	1487.35	1487.35	1487.35	1487.35	1487.35	1487.35	1487.35	1487.35	1487.35	4999.15	1487.35	1487.35	1487.35	1487.35	1487.35	1487.35	1487.35	1487.35	1487.35	1487.35	1487.35	1487.35	1487.35	1487.35	1487.35	1487.35	1487.35	1487.35	1487.35	1487.35	1487.35	1487.35	1487.35	1487.35	1487.35	1487.35	1487.35	1487.35	1487.35	4999.15	1487.35	1487.35	1487.35	1487.35	1487.35	1487.35	1487.35	1487.35	1487.35	1487.35	1487.35	1487.35	1487.35	1487.35	1487.35	1487.35	1487.35	1487.35	1487.35	1487.35	1487.35	1487.35	1487.35	1487.35	1487.35	1487.35	1487.35	1487.35	1487.35	4999.15	1487.35	1487.35	1487.35	1487.35	1487.35	1487.35	1487.35	1487.35	1487.35	1487.35	1487.35	1487.35	1487.35	1487.35	1487.35	1487.35	1487.35	1487.35	1487.35	1487.35	1487.35	1487.35	1487.35	1487.35	1487.35	1487.35	1487.35	1487.35	1487.35	4999.15	1487.35	1487.35	1487.35	1487.35	1487.35	1487.35	1487.35	1487.35	1487.35	1487.35	1487.35	1487.35	1487.35	1487.35	1487.35	1487.35	1487.35	1487.35	1487.35	1487.35	1487.35	1487.35	1487.35	1487.35	1487.35	1487.35	1487.35	1487.35	1487.35	4999.15	1487.35	1487.35	1487.35	1487.35	1487.35	1487.35	1487.35	1487.35	1487.35	1487.35	1487.35	1487.35	1487.35	1487.35	1487.35	1487.35	1487.35	1487.35	1487.35	1487.35	1487.35	1487.35	1487.35	1487.35	1487.35	1487.35	1487.35	1487.35	1487.35	4999.15	1487.35	1487.35	1487.35	1487.35	1487.35	1487.35	1487.35	1487.35	1487.35	1487.35	1487.35	1487.35	1487.35	1487.35	1487.35	1487.35	1487.35	1487.35	1487.35	1487.35	1487.35	1487.35	1487.35	1487.35	1487.35	1487.35	1487.35	1487.35	1487.35	4999.15	1487.35	1487.35	1487.35	1487.35	1487.35	1487.35	1487.35	1487.35	1487.35	1487.35	1487.35	1487.35	1487.35	1487.35	1487.35	1487.35	1487.35	1487.35	1487.35	1487.35	1487.35	1487.35	1487.35	1487.35	1487.35	1487.35	1487.35	1487.35	1487.35	4999.15	1487.35	1487.35	1487.35	1487.35	1487.35	1487.35	1487.35	1487.35	1487.35	1487.35	1487.35	1487.35	1487.35	1487.35	1487.35	1487.35	1487.35	1487.35	1487.35	1487.35	1487.35	1487.35	1487.35	1487.35	1487.35	1487.35	1487.35	1487.35	1487.35	4999.15	1487.35	1487.35	1487.35	1487.35	1487.35	1487.35	1487.35	1487.35	1487.35	1487.35	1487.35	1487.35	1487.35	1487.35	1487.35	1487.35	1487.35	1487.35	1487.35	1487.35	1487.35	1487.35	1487.35	1487.35	1487.35	1487.35	1487.35	1487.35	1487.35	4999.15	1487.35	1487.35	1487.35	1487.35	1487.35	1487.35	1487.35	1487.35	1487.35	1487.35	1487.35	1487.35	1487.35	1487.35	1487.35	1487.35	1487.35	1487.35	1487.35	1487.35	1487.35	1487.35	1487.35	1487.35	1487.35	1487.35	1487.35	1487.35	1487.35	4999.15	1487.35	1487.35	1487.35	1487.35	1487.35	1487.35	1487.35	1487.35	1487.35	1487.35	1487.35	1487.35	1487.35	1487.35	1487.35	1487.35	1487.35	1487.35	1487.35	1487.35	1487.35	1487.35	1487.35	1487.35	1487.35	1487.35	1487.35	1487.35	1487.35	4999.15	1487.35	1487.35	1487.35	1487.35	1487.35	1487.35	1487.35	1487.35	1487.35	1487.35	1487.35	1487.35	1487.35	1487.35	1487.35	1487.35	1487.35	1487.35	1487.35	1487.35	1487.35	1487.35	1487.35	1487.35	1487.35	1487.35	1487.35	1487.35	1487.35	4999.15	1487.35	1487.35	1487.35	1487.35	1487.35	1487.35	1487.35	1487.35	1487.35	1487.35	1487.35	1487.35	1487.35	1487.35	1487.35	1487.35	1487.35	1487.35	1487.35	1487.35	1487.35	1487.35	1487.35	1487.35	1487.35	1487.35	1487.35	1487.35	1487.35	4999.15	1487.35	1487.35	1487.35	1487.35	1487.35	1487.35	1487.35	1487.35	1487.35	1487.35	1487.35	1487.35	1487.35	1487.35	1487.35	1487.35	1487.35	1487.35	1487.35	1487.35	1487.35	1487.35	1487.35	1487.35	1487.35	1487.35	1487.35	1487.35	1487.35	4999.15	4999.15	4999.15	4999.15	4999.15	4999.15	4999.15	4999.15	4999.15	4999.15	4999.15	4999.15	4999.15	4999.15	4999.15	4999.15	4999.15	4999.15	4999.15	4999.15	4999.15	4999.15	4999.15	4999.15	4999.15	4999.15	4999.15	4999.15	4999.15	4999.15	32391.2
